Path,ReturnCode
../shapes\AircraftBuoyant\m1337.obj,0
../shapes\AircraftBuoyant\m1338.obj,0
../shapes\AircraftBuoyant\m1339.obj,0
../shapes\AircraftBuoyant\m1340.obj,0
../shapes\AircraftBuoyant\m1341.obj,0
../shapes\AircraftBuoyant\m1342.obj,0
../shapes\AircraftBuoyant\m1343.obj,0
../shapes\AircraftBuoyant\m1344.obj,0
../shapes\AircraftBuoyant\m1345.obj,0
../shapes\AircraftBuoyant\m1346.obj,0
../shapes\AircraftBuoyant\m1347.obj,-11
../shapes\AircraftBuoyant\m1348.obj,0
../shapes\AircraftBuoyant\m1349.obj,0
../shapes\AircraftBuoyant\m1350.obj,0
../shapes\AircraftBuoyant\m1351.obj,0
../shapes\AircraftBuoyant\m1352.obj,0
../shapes\Apartment\D00045.obj,0
../shapes\Apartment\D00086.obj,0
../shapes\Apartment\D00138.obj,0
../shapes\Apartment\D00156.obj,0
../shapes\Apartment\D00310.obj,0
../shapes\Apartment\D00348.obj,0
../shapes\Apartment\D00366.obj,0
../shapes\Apartment\D00478.obj,0
../shapes\Apartment\D00496.obj,0
../shapes\Apartment\D00626.obj,0
../shapes\Apartment\D00639.obj,0
../shapes\Apartment\D00651.obj,0
../shapes\Apartment\D00681.obj,0
../shapes\Apartment\D00780.obj,0
../shapes\Apartment\D00792.obj,0
../shapes\Apartment\D00859.obj,0
../shapes\Apartment\D00860.obj,0
../shapes\Apartment\D00869.obj,0
../shapes\Apartment\D00921.obj,0
../shapes\Apartment\D00953.obj,0
../shapes\Apartment\m463.obj,0
../shapes\Apartment\m464.obj,0
../shapes\Apartment\m465.obj,0
../shapes\AquaticAnimal\m53.obj,0
../shapes\AquaticAnimal\m54.obj,0
../shapes\AquaticAnimal\m55.obj,0
../shapes\AquaticAnimal\m56.obj,0
../shapes\AquaticAnimal\m57.obj,0
../shapes\AquaticAnimal\m58.obj,0
../shapes\AquaticAnimal\m59.obj,0
../shapes\AquaticAnimal\m60.obj,0
../shapes\AquaticAnimal\m61.obj,0
../shapes\AquaticAnimal\m62.obj,0
../shapes\AquaticAnimal\m63.obj,0
../shapes\AquaticAnimal\m64.obj,0
../shapes\AquaticAnimal\m65.obj,0
../shapes\AquaticAnimal\m66.obj,0
../shapes\AquaticAnimal\m67.obj,0
../shapes\AquaticAnimal\m68.obj,0
../shapes\AquaticAnimal\m69.obj,0
../shapes\AquaticAnimal\m70.obj,0
../shapes\AquaticAnimal\m71.obj,0
../shapes\AquaticAnimal\m72.obj,0
../shapes\AquaticAnimal\m73.obj,0
../shapes\AquaticAnimal\m74.obj,0
../shapes\AquaticAnimal\m75.obj,0
../shapes\AquaticAnimal\m76.obj,0
../shapes\AquaticAnimal\m77.obj,0
../shapes\AquaticAnimal\m78.obj,0
../shapes\AquaticAnimal\m79.obj,0
../shapes\AquaticAnimal\m80.obj,0
../shapes\AquaticAnimal\m81.obj,0
../shapes\Bed\D00031.obj,0
../shapes\Bed\D00110.obj,0
../shapes\Bed\D00121.obj,0
../shapes\Bed\D00184.obj,0
../shapes\Bed\D00210.obj,0
../shapes\Bed\D00213.obj,0
../shapes\Bed\D00217.obj,0
../shapes\Bed\D00307.obj,0
../shapes\Bed\D00322.obj,0
../shapes\Bed\D00417.obj,0
../shapes\Bed\D00538.obj,0
../shapes\Bed\D00545.obj,0
../shapes\Bed\D00552.obj,0
../shapes\Bed\D00565.obj,0
../shapes\Bed\D00650.obj,0
../shapes\Bed\D00735.obj,0
../shapes\Bed\D00836.obj,0
../shapes\Bed\D00839.obj,0
../shapes\Bed\D00969.obj,0
../shapes\Bed\D00988.obj,0
../shapes\Bed\m945.obj,0
../shapes\Bed\m946.obj,0
../shapes\Bed\m947.obj,0
../shapes\Bed\m948.obj,0
../shapes\Bed\m949.obj,0
../shapes\Bed\m950.obj,0
../shapes\Bed\m951.obj,0
../shapes\Bicycle\D00016.obj,0
../shapes\Bicycle\D00033.obj,0
../shapes\Bicycle\D00040.obj,0
../shapes\Bicycle\D00077.obj,0
../shapes\Bicycle\D00078.obj,0
../shapes\Bicycle\D00462.obj,0
../shapes\Bicycle\D00514.obj,0
../shapes\Bicycle\D00536.obj,0
../shapes\Bicycle\D00555.obj,0
../shapes\Bicycle\D00558.obj,0
../shapes\Bicycle\D00567.obj,0
../shapes\Bicycle\D00621.obj,0
../shapes\Bicycle\D00708.obj,0
../shapes\Bicycle\D00750.obj,0
../shapes\Bicycle\D00838.obj,0
../shapes\Bicycle\D00847.obj,0
../shapes\Bicycle\D00904.obj,0
../shapes\Bicycle\D00930.obj,0
../shapes\Bicycle\D00931.obj,0
../shapes\Bicycle\D00974.obj,0
../shapes\Bicycle\m1472.obj,0
../shapes\Bicycle\m1473.obj,0
../shapes\Bicycle\m1475.obj,0
../shapes\Bicycle\m1476.obj,0
../shapes\Bicycle\m1477.obj,0
../shapes\Bicycle\m1478.obj,0
../shapes\Biplane\D00069.obj,0
../shapes\Biplane\D00132.obj,0
../shapes\Biplane\D00178.obj,0
../shapes\Biplane\D00199.obj,0
../shapes\Biplane\D00246.obj,0
../shapes\Biplane\D00276.obj,0
../shapes\Biplane\D00277.obj,0
../shapes\Biplane\D00320.obj,0
../shapes\Biplane\D00373.obj,0
../shapes\Biplane\D00410.obj,0
../shapes\Biplane\D00490.obj,0
../shapes\Biplane\D00515.obj,0
../shapes\Biplane\D00601.obj,0
../shapes\Biplane\D00616.obj,0
../shapes\Biplane\D00632.obj,0
../shapes\Biplane\D00634.obj,0
../shapes\Biplane\D00666.obj,0
../shapes\Biplane\D00854.obj,0
../shapes\Biplane\D00890.obj,0
../shapes\Biplane\D00900.obj,0
../shapes\Biplane\m1118.obj,0
../shapes\Biplane\m1119.obj,0
../shapes\Biplane\m1120.obj,0
../shapes\Biplane\m1121.obj,0
../shapes\Biplane\m1122.obj,0
../shapes\Biplane\m1123.obj,0
../shapes\Biplane\m1124.obj,0
../shapes\Biplane\m1125.obj,-11
../shapes\Biplane\m1126.obj,0
../shapes\Biplane\m1127.obj,0
../shapes\Biplane\m1128.obj,0
../shapes\Biplane\m1129.obj,0
../shapes\Biplane\m1131.obj,0
../shapes\Biplane\m1132.obj,0
../shapes\Biplane\m1133.obj,0
../shapes\Biplane\m1134.obj,0
../shapes\Biplane\m1135.obj,0
../shapes\Biplane\m1136.obj,0
../shapes\Biplane\m1137.obj,0
../shapes\Biplane\m1138.obj,0
../shapes\Biplane\m1139.obj,0
../shapes\Biplane\m1141.obj,0
../shapes\Biplane\m1143.obj,0
../shapes\Biplane\m1144.obj,0
../shapes\Biplane\m1146.obj,0
../shapes\Bird\D00089.obj,0
../shapes\Bird\D00113.obj,0
../shapes\Bird\D00164.obj,0
../shapes\Bird\D00234.obj,0
../shapes\Bird\D00271.obj,0
../shapes\Bird\D00284.obj,0
../shapes\Bird\D00323.obj,0
../shapes\Bird\D00386.obj,0
../shapes\Bird\D00438.obj,0
../shapes\Bird\D00442.obj,0
../shapes\Bird\D00546.obj,0
../shapes\Bird\D00599.obj,0
../shapes\Bird\D00625.obj,0
../shapes\Bird\D00689.obj,0
../shapes\Bird\D00736.obj,0
../shapes\Bird\D00762.obj,0
../shapes\Bird\D00862.obj,0
../shapes\Bird\D00922.obj,0
../shapes\Bird\D00961.obj,0
../shapes\Bird\D00999.obj,0
../shapes\Bird\m28.obj,0
../shapes\Bird\m29.obj,0
../shapes\Bird\m30.obj,0
../shapes\Bird\m31.obj,0
../shapes\Bird\m32.obj,0
../shapes\Bird\m33.obj,0
../shapes\Bird\m34.obj,0
../shapes\Bird\m35.obj,0
../shapes\Bird\m36.obj,0
../shapes\Bird\m37.obj,0
../shapes\Bird\m38.obj,0
../shapes\Bird\m39.obj,0
../shapes\Bird\m40.obj,0
../shapes\Bird\m41.obj,0
../shapes\Bird\m42.obj,0
../shapes\Bird\m43.obj,0
../shapes\Bird\m44.obj,0
../shapes\Bird\m45.obj,0
../shapes\Bird\m47.obj,0
../shapes\Bird\m48.obj,0
../shapes\Bird\m49.obj,-11
../shapes\Bird\m50.obj,0
../shapes\Bird\m51.obj,0
../shapes\Bird\m52.obj,0
../shapes\Bookset\D01009.obj,0
../shapes\Bookset\D01013.obj,0
../shapes\Bookset\D01030.obj,0
../shapes\Bookset\D01038.obj,0
../shapes\Bookset\D01042.obj,0
../shapes\Bookset\D01050.obj,0
../shapes\Bookset\D01065.obj,0
../shapes\Bookset\D01078.obj,-11
../shapes\Bookset\D01096.obj,0
../shapes\Bookset\D01108.obj,0
../shapes\Bookset\D01109.obj,-11
../shapes\Bookset\D01110.obj,0
../shapes\Bookset\D01122.obj,0
../shapes\Bookset\D01135.obj,0
../shapes\Bookset\D01146.obj,0
../shapes\Bookset\D01182.obj,0
../shapes\Bookset\D01183.obj,0
../shapes\Bookset\D01184.obj,0
../shapes\Bookset\D01190.obj,0
../shapes\Bookset\D01199.obj,0
../shapes\Bottle\D00020.obj,0
../shapes\Bottle\D00123.obj,0
../shapes\Bottle\D00139.obj,0
../shapes\Bottle\D00166.obj,0
../shapes\Bottle\D00176.obj,0
../shapes\Bottle\D00208.obj,0
../shapes\Bottle\D00281.obj,0
../shapes\Bottle\D00311.obj,0
../shapes\Bottle\D00347.obj,-11
../shapes\Bottle\D00350.obj,0
../shapes\Bottle\D00390.obj,0
../shapes\Bottle\D00451.obj,0
../shapes\Bottle\D00679.obj,0
../shapes\Bottle\D00696.obj,0
../shapes\Bottle\D00711.obj,0
../shapes\Bottle\D00716.obj,0
../shapes\Bottle\D00726.obj,0
../shapes\Bottle\D00892.obj,0
../shapes\Bottle\D00940.obj,0
../shapes\Bottle\D00959.obj,0
../shapes\Bottle\m482.obj,0
../shapes\Bottle\m483.obj,0
../shapes\Bottle\m484.obj,0
../shapes\Bottle\m485.obj,0
../shapes\Bottle\m486.obj,0
../shapes\Bottle\m487.obj,0
../shapes\Bottle\m488.obj,0
../shapes\Bottle\m489.obj,0
../shapes\Bottle\m490.obj,0
../shapes\Bottle\m491.obj,0
../shapes\Bottle\m492.obj,-11
../shapes\BuildingNonResidential\m382.obj,0
../shapes\BuildingNonResidential\m383.obj,0
../shapes\BuildingNonResidential\m384.obj,0
../shapes\BuildingNonResidential\m385.obj,0
../shapes\BuildingNonResidential\m386.obj,0
../shapes\BuildingNonResidential\m387.obj,0
../shapes\BuildingNonResidential\m389.obj,124
../shapes\BuildingNonResidential\m390.obj,0
../shapes\BuildingNonResidential\m391.obj,0
../shapes\BuildingNonResidential\m392.obj,0
../shapes\BuildingNonResidential\m393.obj,0
../shapes\BuildingNonResidential\m394.obj,0
../shapes\BuildingNonResidential\m395.obj,0
../shapes\BuildingNonResidential\m396.obj,0
../shapes\BuildingNonResidential\m397.obj,0
../shapes\BuildingNonResidential\m398.obj,0
../shapes\BuildingNonResidential\m399.obj,0
../shapes\BuildingNonResidential\m400.obj,0
../shapes\BuildingNonResidential\m401.obj,0
../shapes\BuildingNonResidential\m402.obj,0
../shapes\BuildingNonResidential\m404.obj,0
../shapes\BuildingNonResidential\m405.obj,0
../shapes\BuildingNonResidential\m406.obj,0
../shapes\BuildingNonResidential\m407.obj,0
../shapes\BuildingNonResidential\m408.obj,0
../shapes\BuildingNonResidential\m409.obj,0
../shapes\BuildingNonResidential\m410.obj,0
../shapes\BuildingNonResidential\m412.obj,0
../shapes\BuildingNonResidential\m413.obj,0
../shapes\BuildingNonResidential\m414.obj,0
../shapes\BuildingNonResidential\m415.obj,0
../shapes\BuildingNonResidential\m416.obj,0
../shapes\BuildingNonResidential\m418.obj,0
../shapes\BuildingNonResidential\m420.obj,0
../shapes\BuildingNonResidential\m421.obj,0
../shapes\BuildingNonResidential\m470.obj,0
../shapes\BuildingNonResidential\m471.obj,0
../shapes\BuildingNonResidential\m472.obj,0
../shapes\BuildingNonResidential\m474.obj,0
../shapes\BuildingNonResidential\m475.obj,0
../shapes\BuildingNonResidential\m477.obj,0
../shapes\BuildingNonResidential\m478.obj,0
../shapes\BuildingNonResidential\m479.obj,0
../shapes\BuildingNonResidential\m481.obj,0
../shapes\Bus\D00084.obj,0
../shapes\Bus\D00114.obj,0
../shapes\Bus\D00151.obj,0
../shapes\Bus\D00179.obj,0
../shapes\Bus\D00182.obj,0
../shapes\Bus\D00264.obj,0
../shapes\Bus\D00411.obj,124
../shapes\Bus\D00436.obj,0
../shapes\Bus\D00446.obj,124
../shapes\Bus\D00448.obj,0
../shapes\Bus\D00483.obj,0
../shapes\Bus\D00516.obj,-11
../shapes\Bus\D00677.obj,0
../shapes\Bus\D00754.obj,0
../shapes\Bus\D00769.obj,0
../shapes\Bus\D00775.obj,0
../shapes\Bus\D00815.obj,0
../shapes\Bus\D00823.obj,0
../shapes\Bus\D00832.obj,0
../shapes\Bus\D00857.obj,0
../shapes\Car\D00168.obj,0
../shapes\Car\D00236.obj,0
../shapes\Car\D00260.obj,0
../shapes\Car\D00265.obj,0
../shapes\Car\D00299.obj,0
../shapes\Car\D00377.obj,0
../shapes\Car\D00405.obj,0
../shapes\Car\D00452.obj,0
../shapes\Car\D00504.obj,0
../shapes\Car\D00541.obj,0
../shapes\Car\D00618.obj,0
../shapes\Car\D00670.obj,0
../shapes\Car\D00671.obj,0
../shapes\Car\D00724.obj,0
../shapes\Car\D00767.obj,0
../shapes\Car\D00785.obj,0
../shapes\Car\D00793.obj,0
../shapes\Car\D00803.obj,0
../shapes\Car\D00865.obj,0
../shapes\Car\D00976.obj,0
../shapes\Car\m1485.obj,0
../shapes\Car\m1486.obj,0
../shapes\Car\m1487.obj,0
../shapes\Car\m1488.obj,0
../shapes\Car\m1489.obj,0
../shapes\Car\m1490.obj,0
../shapes\Car\m1492.obj,0
../shapes\Car\m1495.obj,0
../shapes\Car\m1496.obj,0
../shapes\Car\m1497.obj,0
../shapes\Car\m1498.obj,0
../shapes\Car\m1499.obj,0
../shapes\Car\m1500.obj,0
../shapes\Car\m1502.obj,0
../shapes\Car\m1503.obj,0
../shapes\Car\m1504.obj,0
../shapes\Car\m1505.obj,0
../shapes\Car\m1506.obj,0
../shapes\Car\m1507.obj,0
../shapes\Car\m1508.obj,0
../shapes\Car\m1509.obj,0
../shapes\Car\m1510.obj,0
../shapes\Car\m1511.obj,0
../shapes\Car\m1512.obj,0
../shapes\Car\m1513.obj,0
../shapes\Car\m1514.obj,0
../shapes\Car\m1515.obj,0
../shapes\Car\m1516.obj,0
../shapes\Car\m1517.obj,0
../shapes\Car\m1518.obj,0
../shapes\Car\m1519.obj,0
../shapes\Car\m1521.obj,0
../shapes\Car\m1522.obj,0
../shapes\Car\m1523.obj,0
../shapes\Car\m1524.obj,0
../shapes\Car\m1525.obj,0
../shapes\Car\m1526.obj,0
../shapes\Car\m1527.obj,0
../shapes\Car\m1528.obj,0
../shapes\Car\m1529.obj,0
../shapes\Car\m1530.obj,0
../shapes\Car\m1531.obj,0
../shapes\Car\m1532.obj,0
../shapes\Car\m1533.obj,0
../shapes\Car\m1535.obj,0
../shapes\Car\m1536.obj,0
../shapes\Car\m1538.obj,0
../shapes\Car\m1539.obj,0
../shapes\Car\m1540.obj,0
../shapes\Car\m1542.obj,0
../shapes\Car\m1543.obj,0
../shapes\Car\m1544.obj,0
../shapes\Car\m1545.obj,0
../shapes\Car\m1546.obj,0
../shapes\Car\m1547.obj,0
../shapes\Car\m1548.obj,0
../shapes\Car\m1550.obj,0
../shapes\Car\m1551.obj,0
../shapes\Car\m1552.obj,0
../shapes\Car\m1553.obj,0
../shapes\Car\m1555.obj,0
../shapes\Car\m1556.obj,0
../shapes\Car\m1557.obj,0
../shapes\Car\m1558.obj,0
../shapes\Car\m1559.obj,0
../shapes\Car\m1560.obj,0
../shapes\Car\m1561.obj,0
../shapes\Car\m1562.obj,0
../shapes\Car\m1563.obj,0
../shapes\Cellphone\D00018.obj,0
../shapes\Cellphone\D00032.obj,0
../shapes\Cellphone\D00079.obj,0
../shapes\Cellphone\D00152.obj,0
../shapes\Cellphone\D00192.obj,0
../shapes\Cellphone\D00248.obj,0
../shapes\Cellphone\D00312.obj,0
../shapes\Cellphone\D00327.obj,0
../shapes\Cellphone\D00362.obj,0
../shapes\Cellphone\D00369.obj,0
../shapes\Cellphone\D00440.obj,0
../shapes\Cellphone\D00527.obj,0
../shapes\Cellphone\D00542.obj,0
../shapes\Cellphone\D00554.obj,0
../shapes\Cellphone\D00559.obj,0
../shapes\Cellphone\D00817.obj,0
../shapes\Cellphone\D00848.obj,0
../shapes\Cellphone\D00902.obj,0
../shapes\Cellphone\D00979.obj,0
../shapes\Cellphone\D00997.obj,0
../shapes\Chess\D01017.obj,0
../shapes\Chess\D01019.obj,0
../shapes\Chess\D01021.obj,0
../shapes\Chess\D01043.obj,0
../shapes\Chess\D01045.obj,0
../shapes\Chess\D01049.obj,0
../shapes\Chess\D01053.obj,0
../shapes\Chess\D01080.obj,0
../shapes\Chess\D01081.obj,0
../shapes\Chess\D01099.obj,0
../shapes\Chess\D01105.obj,0
../shapes\Chess\D01112.obj,0
../shapes\Chess\D01123.obj,0
../shapes\Chess\D01126.obj,0
../shapes\Chess\D01130.obj,0
../shapes\Chess\D01138.obj,0
../shapes\Chess\D01145.obj,0
../shapes\Chess\D01171.obj,0
../shapes\Chess\D01186.obj,0
../shapes\Chess\D01188.obj,0
../shapes\Chess\m1589.obj,0
../shapes\Chess\m1591.obj,0
../shapes\Chess\m1593.obj,0
../shapes\Chess\m1595.obj,0
../shapes\Chess\m1596.obj,0
../shapes\Chess\m1598.obj,0
../shapes\Chess\m1599.obj,0
../shapes\Chess\m1600.obj,0
../shapes\Chess\m1601.obj,0
../shapes\Chess\m1602.obj,0
../shapes\Chess\m1603.obj,0
../shapes\Chess\m1604.obj,0
../shapes\Chess\m1605.obj,0
../shapes\Chess\m1606.obj,0
../shapes\Chess\m1607.obj,0
../shapes\Chess\m1608.obj,0
../shapes\Chess\m1609.obj,0
../shapes\Chess\m1610.obj,0
../shapes\Chess\m1611.obj,0
../shapes\Chess\m1612.obj,0
../shapes\Chess\m1613.obj,0
../shapes\Chess\m1614.obj,0
../shapes\City\D01001.obj,0
../shapes\City\D01007.obj,-11
../shapes\City\D01010.obj,0
../shapes\City\D01018.obj,0
../shapes\City\D01039.obj,0
../shapes\City\D01056.obj,-11
../shapes\City\D01066.obj,-11
../shapes\City\D01068.obj,0
../shapes\City\D01079.obj,0
../shapes\City\D01090.obj,0
../shapes\City\D01091.obj,0
../shapes\City\D01092.obj,0
../shapes\City\D01101.obj,0
../shapes\City\D01103.obj,0
../shapes\City\D01124.obj,0
../shapes\City\D01133.obj,0
../shapes\City\D01173.obj,0
../shapes\City\D01181.obj,0
../shapes\City\D01192.obj,-11
../shapes\City\D01195.obj,0
../shapes\City\m1652.obj,0
../shapes\City\m1654.obj,0
../shapes\City\m1659.obj,0
../shapes\City\m1660.obj,0
../shapes\City\m1661.obj,0
../shapes\City\m1662.obj,0
../shapes\City\m1664.obj,0
../shapes\ClassicPiano\D00005.obj,0
../shapes\ClassicPiano\D00009.obj,0
../shapes\ClassicPiano\D00034.obj,0
../shapes\ClassicPiano\D00092.obj,0
../shapes\ClassicPiano\D00120.obj,0
../shapes\ClassicPiano\D00190.obj,124
../shapes\ClassicPiano\D00233.obj,0
../shapes\ClassicPiano\D00254.obj,0
../shapes\ClassicPiano\D00279.obj,0
../shapes\ClassicPiano\D00305.obj,124
../shapes\ClassicPiano\D00314.obj,0
../shapes\ClassicPiano\D00561.obj,0
../shapes\ClassicPiano\D00579.obj,0
../shapes\ClassicPiano\D00605.obj,0
../shapes\ClassicPiano\D00784.obj,0
../shapes\ClassicPiano\D00789.obj,-11
../shapes\ClassicPiano\D00811.obj,0
../shapes\ClassicPiano\D00845.obj,0
../shapes\ClassicPiano\D00967.obj,-11
../shapes\ClassicPiano\D00983.obj,0
../shapes\Computer\D01002.obj,0
../shapes\Computer\D01023.obj,0
../shapes\Computer\D01026.obj,0
../shapes\Computer\D01028.obj,0
../shapes\Computer\D01033.obj,0
../shapes\Computer\D01037.obj,0
../shapes\Computer\D01067.obj,0
../shapes\Computer\D01070.obj,0
../shapes\Computer\D01071.obj,0
../shapes\Computer\D01072.obj,0
../shapes\Computer\D01073.obj,0
../shapes\Computer\D01082.obj,0
../shapes\Computer\D01085.obj,0
../shapes\Computer\D01098.obj,0
../shapes\Computer\D01100.obj,0
../shapes\Computer\D01102.obj,0
../shapes\Computer\D01115.obj,-11
../shapes\Computer\D01128.obj,0
../shapes\Computer\D01164.obj,0
../shapes\Computer\D01185.obj,0
../shapes\Computer\m1764.obj,0
../shapes\Computer\m1765.obj,0
../shapes\Computer\m1766.obj,0
../shapes\Computer\m1767.obj,0
../shapes\Computer\m1769.obj,0
../shapes\Computer\m1770.obj,0
../shapes\Computer\m1772.obj,0
../shapes\Computer\m1773.obj,0
../shapes\Computer\m1774.obj,0
../shapes\Computer\m1775.obj,0
../shapes\Computer\m1776.obj,0
../shapes\Computer\m1777.obj,0
../shapes\Computer\m1778.obj,0
../shapes\ComputerKeyboard\D00116.obj,0
../shapes\ComputerKeyboard\D00127.obj,0
../shapes\ComputerKeyboard\D00197.obj,0
../shapes\ComputerKeyboard\D00278.obj,0
../shapes\ComputerKeyboard\D00360.obj,0
../shapes\ComputerKeyboard\D00382.obj,0
../shapes\ComputerKeyboard\D00420.obj,0
../shapes\ComputerKeyboard\D00493.obj,0
../shapes\ComputerKeyboard\D00525.obj,0
../shapes\ComputerKeyboard\D00569.obj,0
../shapes\ComputerKeyboard\D00597.obj,0
../shapes\ComputerKeyboard\D00600.obj,-11
../shapes\ComputerKeyboard\D00627.obj,0
../shapes\ComputerKeyboard\D00654.obj,0
../shapes\ComputerKeyboard\D00673.obj,0
../shapes\ComputerKeyboard\D00676.obj,0
../shapes\ComputerKeyboard\D00692.obj,0
../shapes\ComputerKeyboard\D00805.obj,0
../shapes\ComputerKeyboard\D00905.obj,0
../shapes\ComputerKeyboard\D00990.obj,-11
../shapes\Cup\D00035.obj,0
../shapes\Cup\D00067.obj,0
../shapes\Cup\D00174.obj,0
../shapes\Cup\D00206.obj,0
../shapes\Cup\D00214.obj,0
../shapes\Cup\D00270.obj,-11
../shapes\Cup\D00328.obj,-11
../shapes\Cup\D00355.obj,0
../shapes\Cup\D00363.obj,0
../shapes\Cup\D00457.obj,0
../shapes\Cup\D00463.obj,0
../shapes\Cup\D00519.obj,0
../shapes\Cup\D00550.obj,0
../shapes\Cup\D00587.obj,0
../shapes\Cup\D00638.obj,0
../shapes\Cup\D00642.obj,0
../shapes\Cup\D00738.obj,0
../shapes\Cup\D00843.obj,0
../shapes\Cup\D00874.obj,0
../shapes\Cup\D00882.obj,0
../shapes\Cup\m494.obj,0
../shapes\Cup\m495.obj,0
../shapes\Cup\m496.obj,0
../shapes\Cup\m497.obj,0
../shapes\Cup\m498.obj,0
../shapes\Cup\m499.obj,0
../shapes\Cup\m500.obj,0
../shapes\Cup\m501.obj,0
../shapes\Cup\m502.obj,0
../shapes\Cup\m526.obj,0
../shapes\DeskLamp\D00048.obj,0
../shapes\DeskLamp\D00090.obj,0
../shapes\DeskLamp\D00147.obj,0
../shapes\DeskLamp\D00257.obj,0
../shapes\DeskLamp\D00268.obj,0
../shapes\DeskLamp\D00330.obj,0
../shapes\DeskLamp\D00378.obj,0
../shapes\DeskLamp\D00435.obj,0
../shapes\DeskLamp\D00455.obj,0
../shapes\DeskLamp\D00531.obj,0
../shapes\DeskLamp\D00547.obj,0
../shapes\DeskLamp\D00686.obj,0
../shapes\DeskLamp\D00693.obj,0
../shapes\DeskLamp\D00698.obj,0
../shapes\DeskLamp\D00715.obj,0
../shapes\DeskLamp\D00744.obj,0
../shapes\DeskLamp\D00759.obj,0
../shapes\DeskLamp\D00776.obj,0
../shapes\DeskLamp\D00797.obj,0
../shapes\DeskLamp\D00912.obj,0
../shapes\DeskLamp\m603.obj,0
../shapes\DeskLamp\m604.obj,0
../shapes\DeskLamp\m605.obj,0
../shapes\DeskLamp\m606.obj,0
../shapes\DeskLamp\m608.obj,0
../shapes\DeskLamp\m609.obj,0
../shapes\DeskLamp\m611.obj,0
../shapes\DeskLamp\m613.obj,0
../shapes\DeskLamp\m614.obj,0
../shapes\DeskLamp\m615.obj,0
../shapes\DeskLamp\m616.obj,0
../shapes\DeskPhone\D00118.obj,0
../shapes\DeskPhone\D00135.obj,0
../shapes\DeskPhone\D00154.obj,0
../shapes\DeskPhone\D00220.obj,-11
../shapes\DeskPhone\D00316.obj,0
../shapes\DeskPhone\D00318.obj,0
../shapes\DeskPhone\D00403.obj,0
../shapes\DeskPhone\D00486.obj,0
../shapes\DeskPhone\D00511.obj,0
../shapes\DeskPhone\D00556.obj,0
../shapes\DeskPhone\D00576.obj,0
../shapes\DeskPhone\D00680.obj,0
../shapes\DeskPhone\D00706.obj,0
../shapes\DeskPhone\D00773.obj,0
../shapes\DeskPhone\D00829.obj,0
../shapes\DeskPhone\D00894.obj,0
../shapes\DeskPhone\D00897.obj,0
../shapes\DeskPhone\D00899.obj,0
../shapes\DeskPhone\D00957.obj,0
../shapes\DeskPhone\D00958.obj,0
../shapes\Door\D01005.obj,0
../shapes\Door\D01029.obj,0
../shapes\Door\D01052.obj,0
../shapes\Door\D01058.obj,0
../shapes\Door\D01062.obj,0
../shapes\Door\D01076.obj,0
../shapes\Door\D01104.obj,0
../shapes\Door\D01114.obj,0
../shapes\Door\D01121.obj,0
../shapes\Door\D01129.obj,0
../shapes\Door\D01136.obj,0
../shapes\Door\D01139.obj,0
../shapes\Door\D01141.obj,0
../shapes\Door\D01143.obj,0
../shapes\Door\D01144.obj,0
../shapes\Door\D01155.obj,0
../shapes\Door\D01158.obj,0
../shapes\Door\D01167.obj,0
../shapes\Door\D01177.obj,0
../shapes\Door\D01194.obj,0
../shapes\Door\m1707.obj,0
../shapes\Door\m1708.obj,0
../shapes\Door\m1710.obj,0
../shapes\Door\m1711.obj,0
../shapes\Door\m1712.obj,0
../shapes\Door\m1713.obj,0
../shapes\Door\m1714.obj,0
../shapes\Door\m1715.obj,0
../shapes\Door\m1716.obj,0
../shapes\Door\m1717.obj,0
../shapes\Door\m1718.obj,0
../shapes\Door\m1720.obj,0
../shapes\Door\m1721.obj,0
../shapes\Door\m1722.obj,0
../shapes\Door\m1723.obj,0
../shapes\Door\m1724.obj,0
../shapes\Door\m1725.obj,0
../shapes\Door\m1726.obj,0
../shapes\Door\m1727.obj,0
../shapes\Door\m1728.obj,0
../shapes\Door\m1729.obj,0
../shapes\Door\m1730.obj,0
../shapes\Door\m1731.obj,0
../shapes\Door\m1732.obj,0
../shapes\Drum\D00026.obj,0
../shapes\Drum\D00063.obj,0
../shapes\Drum\D00115.obj,0
../shapes\Drum\D00163.obj,0
../shapes\Drum\D00189.obj,0
../shapes\Drum\D00193.obj,0
../shapes\Drum\D00297.obj,0
../shapes\Drum\D00298.obj,0
../shapes\Drum\D00308.obj,-11
../shapes\Drum\D00375.obj,-11
../shapes\Drum\D00383.obj,0
../shapes\Drum\D00404.obj,0
../shapes\Drum\D00551.obj,0
../shapes\Drum\D00557.obj,0
../shapes\Drum\D00596.obj,0
../shapes\Drum\D00709.obj,0
../shapes\Drum\D00939.obj,0
../shapes\Drum\D00951.obj,0
../shapes\Drum\D00980.obj,0
../shapes\Drum\D00982.obj,0
../shapes\Fish\D00012.obj,0
../shapes\Fish\D00022.obj,0
../shapes\Fish\D00024.obj,0
../shapes\Fish\D00030.obj,0
../shapes\Fish\D00142.obj,0
../shapes\Fish\D00165.obj,0
../shapes\Fish\D00251.obj,0
../shapes\Fish\D00293.obj,0
../shapes\Fish\D00351.obj,0
../shapes\Fish\D00398.obj,0
../shapes\Fish\D00450.obj,0
../shapes\Fish\D00535.obj,0
../shapes\Fish\D00633.obj,0
../shapes\Fish\D00636.obj,0
../shapes\Fish\D00643.obj,0
../shapes\Fish\D00682.obj,0
../shapes\Fish\D00748.obj,0
../shapes\Fish\D00763.obj,0
../shapes\Fish\D00850.obj,0
../shapes\Fish\D00950.obj,0
../shapes\FloorLamp\D00028.obj,0
../shapes\FloorLamp\D00093.obj,0
../shapes\FloorLamp\D00186.obj,0
../shapes\FloorLamp\D00211.obj,0
../shapes\FloorLamp\D00228.obj,0
../shapes\FloorLamp\D00388.obj,0
../shapes\FloorLamp\D00400.obj,0
../shapes\FloorLamp\D00408.obj,-11
../shapes\FloorLamp\D00447.obj,-11
../shapes\FloorLamp\D00495.obj,0
../shapes\FloorLamp\D00563.obj,0
../shapes\FloorLamp\D00580.obj,0
../shapes\FloorLamp\D00740.obj,0
../shapes\FloorLamp\D00856.obj,0
../shapes\FloorLamp\D00875.obj,0
../shapes\FloorLamp\D00876.obj,0
../shapes\FloorLamp\D00888.obj,0
../shapes\FloorLamp\D00924.obj,0
../shapes\FloorLamp\D00955.obj,0
../shapes\FloorLamp\D00981.obj,0
../shapes\FloorLamp\m617.obj,0
../shapes\FloorLamp\m618.obj,0
../shapes\FloorLamp\m619.obj,0
../shapes\FloorLamp\m620.obj,0
../shapes\FloorLamp\m621.obj,0
../shapes\FloorLamp\m622.obj,0
../shapes\FloorLamp\m623.obj,0
../shapes\FloorLamp\m624.obj,0
../shapes\Glasses\D00050.obj,0
../shapes\Glasses\D00201.obj,0
../shapes\Glasses\D00225.obj,0
../shapes\Glasses\D00432.obj,0
../shapes\Glasses\D00475.obj,0
../shapes\Glasses\D00507.obj,0
../shapes\Glasses\D00560.obj,0
../shapes\Glasses\D00575.obj,0
../shapes\Glasses\D00630.obj,0
../shapes\Glasses\D00640.obj,0
../shapes\Glasses\D00656.obj,0
../shapes\Glasses\D00660.obj,0
../shapes\Glasses\D00717.obj,0
../shapes\Glasses\D00730.obj,0
../shapes\Glasses\D00813.obj,0
../shapes\Glasses\D00816.obj,0
../shapes\Glasses\D00877.obj,0
../shapes\Glasses\D00883.obj,0
../shapes\Glasses\D00937.obj,0
../shapes\Glasses\D00994.obj,0
../shapes\Guitar\D00023.obj,0
../shapes\Guitar\D00041.obj,0
../shapes\Guitar\D00076.obj,0
../shapes\Guitar\D00097.obj,0
../shapes\Guitar\D00124.obj,0
../shapes\Guitar\D00222.obj,0
../shapes\Guitar\D00232.obj,0
../shapes\Guitar\D00335.obj,0
../shapes\Guitar\D00374.obj,0
../shapes\Guitar\D00414.obj,0
../shapes\Guitar\D00416.obj,0
../shapes\Guitar\D00461.obj,0
../shapes\Guitar\D00464.obj,0
../shapes\Guitar\D00494.obj,0
../shapes\Guitar\D00534.obj,0
../shapes\Guitar\D00549.obj,0
../shapes\Guitar\D00645.obj,0
../shapes\Guitar\D00655.obj,0
../shapes\Guitar\D00844.obj,0
../shapes\Guitar\D00849.obj,0
../shapes\Gun\D00103.obj,0
../shapes\Gun\D00137.obj,0
../shapes\Gun\D00140.obj,0
../shapes\Gun\D00153.obj,0
../shapes\Gun\D00161.obj,0
../shapes\Gun\D00204.obj,0
../shapes\Gun\D00207.obj,0
../shapes\Gun\D00209.obj,0
../shapes\Gun\D00239.obj,0
../shapes\Gun\D00244.obj,0
../shapes\Gun\D00282.obj,0
../shapes\Gun\D00368.obj,0
../shapes\Gun\D00425.obj,0
../shapes\Gun\D00477.obj,0
../shapes\Gun\D00606.obj,0
../shapes\Gun\D00802.obj,0
../shapes\Gun\D00819.obj,0
../shapes\Gun\D00826.obj,0
../shapes\Gun\D00929.obj,0
../shapes\Gun\D00972.obj,0
../shapes\Gun\m648.obj,0
../shapes\Gun\m649.obj,0
../shapes\Gun\m650.obj,0
../shapes\Gun\m651.obj,0
../shapes\Gun\m652.obj,0
../shapes\Gun\m653.obj,0
../shapes\Gun\m654.obj,0
../shapes\Gun\m655.obj,0
../shapes\Gun\m656.obj,0
../shapes\Gun\m657.obj,0
../shapes\Gun\m658.obj,0
../shapes\Gun\m659.obj,0
../shapes\Gun\m660.obj,0
../shapes\Gun\m661.obj,0
../shapes\Gun\m662.obj,0
../shapes\Gun\m663.obj,0
../shapes\Gun\m664.obj,0
../shapes\Gun\m665.obj,0
../shapes\Gun\m666.obj,0
../shapes\Gun\m667.obj,0
../shapes\Gun\m668.obj,0
../shapes\Gun\m669.obj,0
../shapes\Gun\m670.obj,0
../shapes\Gun\m671.obj,0
../shapes\Gun\m672.obj,0
../shapes\Gun\m674.obj,0
../shapes\Gun\m675.obj,0
../shapes\Gun\m676.obj,0
../shapes\Gun\m677.obj,0
../shapes\Gun\m678.obj,0
../shapes\Gun\m679.obj,0
../shapes\Gun\m680.obj,0
../shapes\Gun\m681.obj,0
../shapes\Gun\m682.obj,0
../shapes\Gun\m683.obj,0
../shapes\Gun\m684.obj,0
../shapes\Gun\m685.obj,0
../shapes\Gun\m686.obj,0
../shapes\Hand\D01006.obj,0
../shapes\Hand\D01020.obj,0
../shapes\Hand\D01022.obj,0
../shapes\Hand\D01024.obj,0
../shapes\Hand\D01041.obj,0
../shapes\Hand\D01060.obj,0
../shapes\Hand\D01074.obj,0
../shapes\Hand\D01093.obj,0
../shapes\Hand\D01097.obj,0
../shapes\Hand\D01106.obj,0
../shapes\Hand\D01117.obj,0
../shapes\Hand\D01118.obj,0
../shapes\Hand\D01153.obj,0
../shapes\Hand\D01162.obj,0
../shapes\Hand\D01170.obj,0
../shapes\Hand\D01172.obj,0
../shapes\Hand\D01193.obj,0
../shapes\Hand\D01197.obj,0
../shapes\Hand\D01198.obj,0
../shapes\Hand\D01200.obj,0
../shapes\Hand\m323.obj,0
../shapes\Hand\m324.obj,0
../shapes\Hand\m325.obj,0
../shapes\Hand\m326.obj,0
../shapes\Hand\m327.obj,0
../shapes\Hand\m328.obj,0
../shapes\Hand\m329.obj,0
../shapes\Hand\m330.obj,0
../shapes\Hand\m331.obj,0
../shapes\Hand\m332.obj,0
../shapes\Hand\m333.obj,0
../shapes\Hand\m334.obj,0
../shapes\Hand\m335.obj,0
../shapes\Hand\m336.obj,0
../shapes\Hand\m337.obj,0
../shapes\Hand\m338.obj,0
../shapes\Hand\m339.obj,0
../shapes\Hat\m1627.obj,0
../shapes\Hat\m1628.obj,0
../shapes\Hat\m1629.obj,0
../shapes\Hat\m1630.obj,0
../shapes\Hat\m1631.obj,-11
../shapes\Hat\m1632.obj,0
../shapes\Hat\m1633.obj,0
../shapes\Hat\m1634.obj,0
../shapes\Hat\m1635.obj,0
../shapes\Hat\m1636.obj,0
../shapes\Hat\m1637.obj,0
../shapes\Hat\m1638.obj,0
../shapes\Hat\m1639.obj,0
../shapes\Hat\m1640.obj,0
../shapes\Hat\m1641.obj,0
../shapes\Helicopter\D00038.obj,0
../shapes\Helicopter\D00191.obj,0
../shapes\Helicopter\D00361.obj,0
../shapes\Helicopter\D00397.obj,0
../shapes\Helicopter\D00423.obj,0
../shapes\Helicopter\D00470.obj,0
../shapes\Helicopter\D00471.obj,0
../shapes\Helicopter\D00473.obj,0
../shapes\Helicopter\D00498.obj,0
../shapes\Helicopter\D00500.obj,0
../shapes\Helicopter\D00502.obj,0
../shapes\Helicopter\D00644.obj,0
../shapes\Helicopter\D00658.obj,0
../shapes\Helicopter\D00751.obj,0
../shapes\Helicopter\D00796.obj,0
../shapes\Helicopter\D00820.obj,0
../shapes\Helicopter\D00868.obj,0
../shapes\Helicopter\D00977.obj,0
../shapes\Helicopter\D00986.obj,0
../shapes\Helicopter\D00991.obj,0
../shapes\Helicopter\m1302.obj,0
../shapes\Helicopter\m1304.obj,0
../shapes\Helicopter\m1305.obj,0
../shapes\Helicopter\m1306.obj,0
../shapes\Helicopter\m1307.obj,0
../shapes\Helicopter\m1308.obj,0
../shapes\Helicopter\m1309.obj,0
../shapes\Helicopter\m1310.obj,0
../shapes\Helicopter\m1311.obj,0
../shapes\Helicopter\m1312.obj,0
../shapes\Helicopter\m1313.obj,0
../shapes\Helicopter\m1314.obj,0
../shapes\Helicopter\m1315.obj,0
../shapes\Helicopter\m1316.obj,0
../shapes\Helicopter\m1317.obj,0
../shapes\Helicopter\m1318.obj,0
../shapes\Helicopter\m1319.obj,0
../shapes\Helicopter\m1320.obj,0
../shapes\Helicopter\m1321.obj,0
../shapes\Helicopter\m1322.obj,0
../shapes\Helicopter\m1323.obj,0
../shapes\Helicopter\m1325.obj,0
../shapes\Helicopter\m1326.obj,0
../shapes\Helicopter\m1327.obj,0
../shapes\Helicopter\m1328.obj,0
../shapes\Helicopter\m1329.obj,0
../shapes\Helicopter\m1330.obj,0
../shapes\Helicopter\m1332.obj,0
../shapes\Helicopter\m1333.obj,0
../shapes\Helicopter\m1334.obj,0
../shapes\Helicopter\m1336.obj,0
../shapes\House\D00001.obj,0
../shapes\House\D00044.obj,0
../shapes\House\D00091.obj,0
../shapes\House\D00095.obj,0
../shapes\House\D00286.obj,0
../shapes\House\D00325.obj,0
../shapes\House\D00359.obj,0
../shapes\House\D00389.obj,0
../shapes\House\D00415.obj,0
../shapes\House\D00454.obj,0
../shapes\House\D00568.obj,0
../shapes\House\D00574.obj,0
../shapes\House\D00665.obj,0
../shapes\House\D00873.obj,0
../shapes\House\D00889.obj,0
../shapes\House\D00901.obj,0
../shapes\House\D00903.obj,0
../shapes\House\D00941.obj,0
../shapes\House\D00946.obj,0
../shapes\House\D00965.obj,-11
../shapes\House\m423.obj,0
../shapes\House\m429.obj,0
../shapes\House\m430.obj,0
../shapes\House\m431.obj,0
../shapes\House\m432.obj,0
../shapes\House\m433.obj,0
../shapes\House\m434.obj,0
../shapes\House\m435.obj,0
../shapes\House\m436.obj,0
../shapes\House\m439.obj,0
../shapes\House\m440.obj,0
../shapes\House\m441.obj,0
../shapes\House\m443.obj,0
../shapes\House\m446.obj,0
../shapes\House\m447.obj,0
../shapes\House\m448.obj,0
../shapes\House\m449.obj,0
../shapes\House\m451.obj,0
../shapes\House\m452.obj,-11
../shapes\House\m453.obj,0
../shapes\House\m454.obj,0
../shapes\House\m456.obj,0
../shapes\House\m457.obj,0
../shapes\House\m460.obj,0
../shapes\House\m461.obj,0
../shapes\House\m462.obj,0
../shapes\HumanHead\D00013.obj,0
../shapes\HumanHead\D00061.obj,0
../shapes\HumanHead\D00072.obj,0
../shapes\HumanHead\D00106.obj,0
../shapes\HumanHead\D00131.obj,0
../shapes\HumanHead\D00205.obj,0
../shapes\HumanHead\D00313.obj,0
../shapes\HumanHead\D00434.obj,0
../shapes\HumanHead\D00487.obj,0
../shapes\HumanHead\D00488.obj,0
../shapes\HumanHead\D00566.obj,0
../shapes\HumanHead\D00578.obj,0
../shapes\HumanHead\D00591.obj,0
../shapes\HumanHead\D00610.obj,0
../shapes\HumanHead\D00629.obj,0
../shapes\HumanHead\D00653.obj,0
../shapes\HumanHead\D00690.obj,0
../shapes\HumanHead\D00758.obj,0
../shapes\HumanHead\D00910.obj,0
../shapes\HumanHead\D00984.obj,0
../shapes\HumanHead\m340.obj,0
../shapes\HumanHead\m341.obj,0
../shapes\HumanHead\m342.obj,0
../shapes\HumanHead\m343.obj,0
../shapes\HumanHead\m344.obj,0
../shapes\HumanHead\m345.obj,0
../shapes\HumanHead\m346.obj,0
../shapes\HumanHead\m347.obj,0
../shapes\HumanHead\m348.obj,0
../shapes\HumanHead\m349.obj,0
../shapes\HumanHead\m350.obj,0
../shapes\HumanHead\m351.obj,0
../shapes\HumanHead\m352.obj,0
../shapes\HumanHead\m353.obj,0
../shapes\HumanHead\m354.obj,0
../shapes\HumanHead\m355.obj,0
../shapes\HumanHead\m356.obj,0
../shapes\HumanHead\m357.obj,0
../shapes\HumanHead\m358.obj,0
../shapes\HumanHead\m359.obj,0
../shapes\HumanHead\m360.obj,0
../shapes\HumanHead\m361.obj,0
../shapes\HumanHead\m362.obj,0
../shapes\HumanHead\m363.obj,0
../shapes\HumanHead\m364.obj,0
../shapes\HumanHead\m365.obj,0
../shapes\HumanHead\m366.obj,-11
../shapes\HumanHead\m367.obj,0
../shapes\HumanHead\m368.obj,0
../shapes\HumanHead\m369.obj,0
../shapes\HumanHead\m370.obj,0
../shapes\Humanoid\m118.obj,0
../shapes\Humanoid\m119.obj,0
../shapes\Humanoid\m120.obj,0
../shapes\Humanoid\m121.obj,0
../shapes\Humanoid\m122.obj,0
../shapes\Humanoid\m123.obj,0
../shapes\Humanoid\m124.obj,0
../shapes\Humanoid\m125.obj,0
../shapes\Humanoid\m126.obj,0
../shapes\Humanoid\m128.obj,0
../shapes\Humanoid\m129.obj,0
../shapes\Humanoid\m130.obj,0
../shapes\Humanoid\m131.obj,0
../shapes\Humanoid\m132.obj,0
../shapes\Humanoid\m133.obj,0
../shapes\Humanoid\m134.obj,0
../shapes\Humanoid\m135.obj,0
../shapes\Humanoid\m136.obj,0
../shapes\Humanoid\m137.obj,0
../shapes\Humanoid\m138.obj,0
../shapes\Humanoid\m139.obj,0
../shapes\Humanoid\m140.obj,0
../shapes\Humanoid\m141.obj,0
../shapes\Humanoid\m143.obj,0
../shapes\Humanoid\m144.obj,0
../shapes\Humanoid\m145.obj,0
../shapes\Humanoid\m146.obj,0
../shapes\Humanoid\m147.obj,0
../shapes\Humanoid\m148.obj,0
../shapes\Humanoid\m149.obj,0
../shapes\Humanoid\m150.obj,0
../shapes\Humanoid\m151.obj,0
../shapes\Humanoid\m152.obj,0
../shapes\Humanoid\m153.obj,0
../shapes\Humanoid\m154.obj,0
../shapes\Humanoid\m155.obj,0
../shapes\Humanoid\m156.obj,0
../shapes\Humanoid\m157.obj,0
../shapes\Humanoid\m158.obj,0
../shapes\Humanoid\m159.obj,0
../shapes\Humanoid\m160.obj,0
../shapes\Humanoid\m161.obj,0
../shapes\Humanoid\m162.obj,0
../shapes\Humanoid\m163.obj,0
../shapes\Humanoid\m164.obj,0
../shapes\Humanoid\m165.obj,0
../shapes\Humanoid\m166.obj,0
../shapes\Humanoid\m167.obj,0
../shapes\Humanoid\m168.obj,0
../shapes\Humanoid\m169.obj,0
../shapes\Humanoid\m170.obj,0
../shapes\Humanoid\m171.obj,0
../shapes\Humanoid\m172.obj,0
../shapes\Humanoid\m173.obj,0
../shapes\Humanoid\m174.obj,0
../shapes\Humanoid\m175.obj,0
../shapes\Humanoid\m176.obj,0
../shapes\Humanoid\m177.obj,0
../shapes\Humanoid\m178.obj,0
../shapes\Humanoid\m179.obj,0
../shapes\Humanoid\m180.obj,0
../shapes\Humanoid\m181.obj,0
../shapes\Humanoid\m182.obj,0
../shapes\Humanoid\m183.obj,0
../shapes\Humanoid\m184.obj,0
../shapes\Humanoid\m185.obj,0
../shapes\Humanoid\m186.obj,0
../shapes\Humanoid\m187.obj,0
../shapes\Humanoid\m188.obj,-11
../shapes\Humanoid\m189.obj,0
../shapes\Humanoid\m190.obj,0
../shapes\Humanoid\m191.obj,0
../shapes\Humanoid\m192.obj,0
../shapes\Humanoid\m193.obj,0
../shapes\Humanoid\m194.obj,0
../shapes\Humanoid\m195.obj,0
../shapes\Humanoid\m196.obj,0
../shapes\Humanoid\m197.obj,0
../shapes\Humanoid\m198.obj,0
../shapes\Humanoid\m199.obj,0
../shapes\Humanoid\m202.obj,0
../shapes\Humanoid\m203.obj,0
../shapes\Humanoid\m204.obj,0
../shapes\Humanoid\m205.obj,0
../shapes\Humanoid\m206.obj,0
../shapes\Humanoid\m207.obj,0
../shapes\Humanoid\m208.obj,0
../shapes\Humanoid\m210.obj,0
../shapes\Humanoid\m211.obj,0
../shapes\Humanoid\m212.obj,0
../shapes\Humanoid\m213.obj,0
../shapes\Humanoid\m214.obj,0
../shapes\Humanoid\m215.obj,0
../shapes\Humanoid\m216.obj,0
../shapes\Humanoid\m217.obj,0
../shapes\Humanoid\m218.obj,0
../shapes\Humanoid\m219.obj,0
../shapes\Humanoid\m220.obj,0
../shapes\Humanoid\m221.obj,0
../shapes\Humanoid\m222.obj,0
../shapes\Humanoid\m223.obj,0
../shapes\Humanoid\m224.obj,0
../shapes\Humanoid\m226.obj,0
../shapes\Humanoid\m227.obj,0
../shapes\Humanoid\m228.obj,0
../shapes\Humanoid\m229.obj,0
../shapes\Humanoid\m230.obj,0
../shapes\Humanoid\m231.obj,0
../shapes\Humanoid\m232.obj,0
../shapes\Humanoid\m233.obj,0
../shapes\Humanoid\m234.obj,0
../shapes\Humanoid\m235.obj,0
../shapes\Humanoid\m236.obj,0
../shapes\Humanoid\m237.obj,0
../shapes\Humanoid\m238.obj,0
../shapes\Humanoid\m239.obj,0
../shapes\Humanoid\m240.obj,0
../shapes\Humanoid\m241.obj,0
../shapes\Humanoid\m242.obj,0
../shapes\Humanoid\m243.obj,0
../shapes\Humanoid\m244.obj,0
../shapes\Humanoid\m245.obj,0
../shapes\Humanoid\m246.obj,0
../shapes\Humanoid\m248.obj,0
../shapes\Humanoid\m249.obj,0
../shapes\Humanoid\m250.obj,0
../shapes\Humanoid\m251.obj,0
../shapes\Humanoid\m252.obj,0
../shapes\Humanoid\m253.obj,0
../shapes\Humanoid\m254.obj,0
../shapes\Humanoid\m255.obj,0
../shapes\Humanoid\m256.obj,0
../shapes\Humanoid\m257.obj,0
../shapes\Humanoid\m258.obj,0
../shapes\Humanoid\m259.obj,0
../shapes\Humanoid\m260.obj,0
../shapes\Humanoid\m261.obj,0
../shapes\Humanoid\m262.obj,0
../shapes\Humanoid\m263.obj,0
../shapes\Humanoid\m264.obj,0
../shapes\Humanoid\m265.obj,0
../shapes\Humanoid\m266.obj,0
../shapes\Insect\D00081.obj,0
../shapes\Insect\D00082.obj,0
../shapes\Insect\D00102.obj,0
../shapes\Insect\D00109.obj,0
../shapes\Insect\D00117.obj,0
../shapes\Insect\D00136.obj,0
../shapes\Insect\D00160.obj,0
../shapes\Insect\D00180.obj,0
../shapes\Insect\D00231.obj,0
../shapes\Insect\D00291.obj,0
../shapes\Insect\D00294.obj,0
../shapes\Insect\D00309.obj,0
../shapes\Insect\D00315.obj,0
../shapes\Insect\D00333.obj,0
../shapes\Insect\D00399.obj,0
../shapes\Insect\D00430.obj,0
../shapes\Insect\D00510.obj,0
../shapes\Insect\D00590.obj,0
../shapes\Insect\D00615.obj,0
../shapes\Insect\D00662.obj,0
../shapes\Insect\D00668.obj,0
../shapes\Insect\D00672.obj,0
../shapes\Insect\D00695.obj,0
../shapes\Insect\D00713.obj,0
../shapes\Insect\D00732.obj,0
../shapes\Insect\D00734.obj,0
../shapes\Insect\D00746.obj,0
../shapes\Insect\D00752.obj,0
../shapes\Insect\D00753.obj,0
../shapes\Insect\D00774.obj,0
../shapes\Insect\D00786.obj,0
../shapes\Insect\D00787.obj,0
../shapes\Insect\D00788.obj,0
../shapes\Insect\D00806.obj,0
../shapes\Insect\D00814.obj,0
../shapes\Insect\D00855.obj,0
../shapes\Insect\D00884.obj,0
../shapes\Insect\D00895.obj,0
../shapes\Insect\D00973.obj,0
../shapes\Insect\D00989.obj,0
../shapes\Insect\m0.obj,0
../shapes\Insect\m1.obj,0
../shapes\Insect\m10.obj,0
../shapes\Insect\m11.obj,0
../shapes\Insect\m12.obj,0
../shapes\Insect\m13.obj,0
../shapes\Insect\m14.obj,0
../shapes\Insect\m15.obj,0
../shapes\Insect\m16.obj,0
../shapes\Insect\m17.obj,0
../shapes\Insect\m18.obj,0
../shapes\Insect\m19.obj,0
../shapes\Insect\m2.obj,0
../shapes\Insect\m20.obj,0
../shapes\Insect\m21.obj,0
../shapes\Insect\m22.obj,0
../shapes\Insect\m23.obj,0
../shapes\Insect\m24.obj,0
../shapes\Insect\m25.obj,0
../shapes\Insect\m26.obj,0
../shapes\Insect\m3.obj,0
../shapes\Insect\m4.obj,0
../shapes\Insect\m6.obj,0
../shapes\Insect\m7.obj,0
../shapes\Insect\m8.obj,0
../shapes\Insect\m9.obj,0
../shapes\Jet\m1147.obj,0
../shapes\Jet\m1149.obj,0
../shapes\Jet\m1150.obj,0
../shapes\Jet\m1151.obj,0
../shapes\Jet\m1152.obj,0
../shapes\Jet\m1153.obj,0
../shapes\Jet\m1154.obj,0
../shapes\Jet\m1155.obj,0
../shapes\Jet\m1156.obj,0
../shapes\Jet\m1157.obj,0
../shapes\Jet\m1158.obj,0
../shapes\Jet\m1159.obj,0
../shapes\Jet\m1161.obj,0
../shapes\Jet\m1162.obj,0
../shapes\Jet\m1163.obj,0
../shapes\Jet\m1165.obj,0
../shapes\Jet\m1166.obj,0
../shapes\Jet\m1167.obj,0
../shapes\Jet\m1168.obj,0
../shapes\Jet\m1169.obj,0
../shapes\Jet\m1171.obj,0
../shapes\Jet\m1172.obj,0
../shapes\Jet\m1173.obj,0
../shapes\Jet\m1174.obj,0
../shapes\Jet\m1175.obj,0
../shapes\Jet\m1176.obj,0
../shapes\Jet\m1177.obj,0
../shapes\Jet\m1178.obj,0
../shapes\Jet\m1179.obj,0
../shapes\Jet\m1180.obj,0
../shapes\Jet\m1181.obj,0
../shapes\Jet\m1182.obj,0
../shapes\Jet\m1183.obj,0
../shapes\Jet\m1184.obj,0
../shapes\Jet\m1185.obj,0
../shapes\Jet\m1187.obj,0
../shapes\Jet\m1188.obj,0
../shapes\Jet\m1190.obj,0
../shapes\Jet\m1191.obj,0
../shapes\Jet\m1193.obj,0
../shapes\Jet\m1194.obj,0
../shapes\Jet\m1195.obj,0
../shapes\Jet\m1196.obj,0
../shapes\Jet\m1197.obj,0
../shapes\Jet\m1198.obj,0
../shapes\Jet\m1199.obj,0
../shapes\Jet\m1200.obj,0
../shapes\Jet\m1201.obj,0
../shapes\Jet\m1202.obj,0
../shapes\Jet\m1204.obj,0
../shapes\Jet\m1205.obj,0
../shapes\Jet\m1207.obj,0
../shapes\Jet\m1208.obj,0
../shapes\Jet\m1209.obj,0
../shapes\Jet\m1210.obj,0
../shapes\Jet\m1211.obj,0
../shapes\Jet\m1212.obj,0
../shapes\Jet\m1213.obj,0
../shapes\Jet\m1214.obj,0
../shapes\Jet\m1215.obj,0
../shapes\Jet\m1216.obj,0
../shapes\Jet\m1217.obj,0
../shapes\Jet\m1218.obj,0
../shapes\Jet\m1219.obj,0
../shapes\Jet\m1220.obj,0
../shapes\Jet\m1221.obj,0
../shapes\Jet\m1222.obj,0
../shapes\Jet\m1223.obj,0
../shapes\Jet\m1224.obj,0
../shapes\Jet\m1225.obj,0
../shapes\Jet\m1226.obj,0
../shapes\Jet\m1227.obj,0
../shapes\Jet\m1228.obj,0
../shapes\Jet\m1229.obj,0
../shapes\Jet\m1230.obj,0
../shapes\Jet\m1231.obj,0
../shapes\Jet\m1232.obj,0
../shapes\Jet\m1233.obj,0
../shapes\Jet\m1234.obj,0
../shapes\Jet\m1235.obj,0
../shapes\Jet\m1236.obj,0
../shapes\Jet\m1237.obj,0
../shapes\Jet\m1238.obj,0
../shapes\Jet\m1239.obj,0
../shapes\Jet\m1240.obj,0
../shapes\Jet\m1241.obj,0
../shapes\Jet\m1242.obj,0
../shapes\Jet\m1243.obj,0
../shapes\Jet\m1245.obj,0
../shapes\Jet\m1246.obj,0
../shapes\Jet\m1247.obj,0
../shapes\Jet\m1248.obj,0
../shapes\Jet\m1249.obj,0
../shapes\Jet\m1250.obj,0
../shapes\Jet\m1251.obj,0
../shapes\Jet\m1252.obj,0
../shapes\Jet\m1253.obj,0
../shapes\Jet\m1255.obj,0
../shapes\Jet\m1256.obj,0
../shapes\Jet\m1257.obj,0
../shapes\Jet\m1258.obj,0
../shapes\Jet\m1259.obj,0
../shapes\Jet\m1260.obj,0
../shapes\Jet\m1261.obj,0
../shapes\Jet\m1262.obj,0
../shapes\Jet\m1263.obj,0
../shapes\Jet\m1264.obj,0
../shapes\Jet\m1265.obj,0
../shapes\Jet\m1266.obj,0
../shapes\Jet\m1267.obj,0
../shapes\Jet\m1268.obj,0
../shapes\Jet\m1269.obj,0
../shapes\Jet\m1270.obj,0
../shapes\Jet\m1271.obj,0
../shapes\Jet\m1273.obj,0
../shapes\Jet\m1274.obj,0
../shapes\Jet\m1275.obj,0
../shapes\Jet\m1276.obj,0
../shapes\Jet\m1277.obj,0
../shapes\Jet\m1278.obj,0
../shapes\Jet\m1279.obj,0
../shapes\Jet\m1280.obj,0
../shapes\Jet\m1281.obj,0
../shapes\Jet\m1282.obj,0
../shapes\Jet\m1283.obj,0
../shapes\Jet\m1284.obj,0
../shapes\Jet\m1285.obj,0
../shapes\Jet\m1286.obj,0
../shapes\Jet\m1287.obj,0
../shapes\Jet\m1288.obj,0
../shapes\Jet\m1289.obj,0
../shapes\Jet\m1290.obj,0
../shapes\Jet\m1291.obj,0
../shapes\Jet\m1292.obj,0
../shapes\Jet\m1293.obj,0
../shapes\Jet\m1294.obj,0
../shapes\Jet\m1295.obj,0
../shapes\Jet\m1296.obj,0
../shapes\Jet\m1297.obj,0
../shapes\Jet\m1298.obj,0
../shapes\Jet\m1299.obj,0
../shapes\Jet\m1300.obj,0
../shapes\Jet\m1301.obj,0
../shapes\Knife\D01015.obj,0
../shapes\Knife\D01025.obj,0
../shapes\Knife\D01032.obj,0
../shapes\Knife\D01051.obj,-11
../shapes\Knife\D01054.obj,0
../shapes\Knife\D01057.obj,0
../shapes\Knife\D01063.obj,0
../shapes\Knife\D01075.obj,0
../shapes\Knife\D01077.obj,0
../shapes\Knife\D01107.obj,0
../shapes\Knife\D01119.obj,0
../shapes\Knife\D01120.obj,0
../shapes\Knife\D01132.obj,0
../shapes\Knife\D01150.obj,-11
../shapes\Knife\D01160.obj,0
../shapes\Knife\D01168.obj,0
../shapes\Knife\D01174.obj,0
../shapes\Knife\D01175.obj,0
../shapes\Knife\D01187.obj,124
../shapes\Knife\D01189.obj,0
../shapes\Knife\m722.obj,0
../shapes\Knife\m723.obj,0
../shapes\Knife\m724.obj,0
../shapes\Knife\m725.obj,0
../shapes\Knife\m726.obj,0
../shapes\Knife\m727.obj,0
../shapes\Knife\m728.obj,0
../shapes\MilitaryVehicle\D00017.obj,0
../shapes\MilitaryVehicle\D00051.obj,0
../shapes\MilitaryVehicle\D00100.obj,0
../shapes\MilitaryVehicle\D00173.obj,0
../shapes\MilitaryVehicle\D00272.obj,0
../shapes\MilitaryVehicle\D00334.obj,0
../shapes\MilitaryVehicle\D00458.obj,0
../shapes\MilitaryVehicle\D00529.obj,0
../shapes\MilitaryVehicle\D00577.obj,0
../shapes\MilitaryVehicle\D00611.obj,0
../shapes\MilitaryVehicle\D00723.obj,0
../shapes\MilitaryVehicle\D00761.obj,0
../shapes\MilitaryVehicle\D00778.obj,0
../shapes\MilitaryVehicle\D00799.obj,0
../shapes\MilitaryVehicle\D00801.obj,0
../shapes\MilitaryVehicle\D00918.obj,0
../shapes\MilitaryVehicle\D00932.obj,0
../shapes\MilitaryVehicle\D00933.obj,0
../shapes\MilitaryVehicle\D00952.obj,0
../shapes\MilitaryVehicle\D00971.obj,0
../shapes\Monitor\D00007.obj,0
../shapes\Monitor\D00141.obj,0
../shapes\Monitor\D00229.obj,0
../shapes\Monitor\D00336.obj,0
../shapes\Monitor\D00339.obj,0
../shapes\Monitor\D00364.obj,0
../shapes\Monitor\D00387.obj,0
../shapes\Monitor\D00391.obj,0
../shapes\Monitor\D00412.obj,0
../shapes\Monitor\D00444.obj,0
../shapes\Monitor\D00469.obj,0
../shapes\Monitor\D00548.obj,0
../shapes\Monitor\D00659.obj,0
../shapes\Monitor\D00852.obj,0
../shapes\Monitor\D00863.obj,0
../shapes\Monitor\D00915.obj,0
../shapes\Monitor\D00919.obj,0
../shapes\Monitor\D00920.obj,0
../shapes\Monitor\D00978.obj,0
../shapes\Monitor\D01000.obj,0
../shapes\Monoplane\D00011.obj,0
../shapes\Monoplane\D00019.obj,0
../shapes\Monoplane\D00043.obj,0
../shapes\Monoplane\D00098.obj,0
../shapes\Monoplane\D00167.obj,0
../shapes\Monoplane\D00169.obj,0
../shapes\Monoplane\D00262.obj,0
../shapes\Monoplane\D00301.obj,0
../shapes\Monoplane\D00304.obj,0
../shapes\Monoplane\D00319.obj,0
../shapes\Monoplane\D00402.obj,0
../shapes\Monoplane\D00482.obj,0
../shapes\Monoplane\D00617.obj,0
../shapes\Monoplane\D00688.obj,0
../shapes\Monoplane\D00798.obj,0
../shapes\Monoplane\D00840.obj,0
../shapes\Monoplane\D00864.obj,0
../shapes\Monoplane\D00925.obj,0
../shapes\Monoplane\D00963.obj,0
../shapes\Monoplane\D00995.obj,0
../shapes\Motorcycle\D00021.obj,0
../shapes\Motorcycle\D00039.obj,0
../shapes\Motorcycle\D00054.obj,0
../shapes\Motorcycle\D00224.obj,0
../shapes\Motorcycle\D00269.obj,0
../shapes\Motorcycle\D00288.obj,0
../shapes\Motorcycle\D00342.obj,0
../shapes\Motorcycle\D00345.obj,0
../shapes\Motorcycle\D00395.obj,0
../shapes\Motorcycle\D00396.obj,0
../shapes\Motorcycle\D00476.obj,0
../shapes\Motorcycle\D00521.obj,0
../shapes\Motorcycle\D00544.obj,0
../shapes\Motorcycle\D00594.obj,0
../shapes\Motorcycle\D00703.obj,0
../shapes\Motorcycle\D00768.obj,0
../shapes\Motorcycle\D00858.obj,0
../shapes\Motorcycle\D00880.obj,0
../shapes\Motorcycle\D00886.obj,0
../shapes\Motorcycle\D00945.obj,0
../shapes\Motorcycle\m1479.obj,0
../shapes\Motorcycle\m1480.obj,0
../shapes\Motorcycle\m1481.obj,0
../shapes\Motorcycle\m1482.obj,0
../shapes\Motorcycle\m1483.obj,0
../shapes\Motorcycle\m1484.obj,0
../shapes\Mug\D00172.obj,0
../shapes\Mug\D00202.obj,0
../shapes\Mug\D00227.obj,0
../shapes\Mug\D00321.obj,0
../shapes\Mug\D00341.obj,0
../shapes\Mug\D00372.obj,0
../shapes\Mug\D00427.obj,0
../shapes\Mug\D00684.obj,0
../shapes\Mug\D00685.obj,0
../shapes\Mug\D00705.obj,0
../shapes\Mug\D00728.obj,0
../shapes\Mug\D00745.obj,0
../shapes\Mug\D00747.obj,0
../shapes\Mug\D00760.obj,0
../shapes\Mug\D00770.obj,0
../shapes\Mug\D00825.obj,0
../shapes\Mug\D00833.obj,0
../shapes\Mug\D00908.obj,0
../shapes\Mug\D00913.obj,0
../shapes\Mug\D00923.obj,0
../shapes\Mug\m503.obj,0
../shapes\Mug\m504.obj,0
../shapes\Mug\m506.obj,0
../shapes\Mug\m507.obj,0
../shapes\Mug\m508.obj,0
../shapes\Mug\m509.obj,0
../shapes\MultiSeat\D00036.obj,0
../shapes\MultiSeat\D00046.obj,0
../shapes\MultiSeat\D00053.obj,0
../shapes\MultiSeat\D00145.obj,0
../shapes\MultiSeat\D00146.obj,0
../shapes\MultiSeat\D00237.obj,0
../shapes\MultiSeat\D00245.obj,0
../shapes\MultiSeat\D00263.obj,0
../shapes\MultiSeat\D00273.obj,0
../shapes\MultiSeat\D00285.obj,0
../shapes\MultiSeat\D00289.obj,0
../shapes\MultiSeat\D00329.obj,0
../shapes\MultiSeat\D00586.obj,0
../shapes\MultiSeat\D00588.obj,0
../shapes\MultiSeat\D00607.obj,0
../shapes\MultiSeat\D00637.obj,0
../shapes\MultiSeat\D00648.obj,0
../shapes\MultiSeat\D00652.obj,0
../shapes\MultiSeat\D00749.obj,0
../shapes\MultiSeat\D00985.obj,0
../shapes\MultiSeat\m774.obj,0
../shapes\MultiSeat\m775.obj,0
../shapes\MultiSeat\m776.obj,0
../shapes\MultiSeat\m777.obj,0
../shapes\MultiSeat\m778.obj,0
../shapes\MultiSeat\m779.obj,0
../shapes\MultiSeat\m780.obj,0
../shapes\MultiSeat\m781.obj,0
../shapes\MultiSeat\m782.obj,0
../shapes\MultiSeat\m783.obj,0
../shapes\MultiSeat\m784.obj,0
../shapes\MultiSeat\m829.obj,0
../shapes\MultiSeat\m830.obj,0
../shapes\MultiSeat\m831.obj,0
../shapes\MultiSeat\m832.obj,0
../shapes\MultiSeat\m833.obj,0
../shapes\MultiSeat\m834.obj,0
../shapes\MultiSeat\m835.obj,0
../shapes\MultiSeat\m836.obj,0
../shapes\MultiSeat\m837.obj,0
../shapes\MultiSeat\m838.obj,0
../shapes\MultiSeat\m839.obj,0
../shapes\MultiSeat\m840.obj,0
../shapes\MultiSeat\m841.obj,0
../shapes\MultiSeat\m843.obj,0
../shapes\Musical_Instrument\m625.obj,0
../shapes\Musical_Instrument\m626.obj,0
../shapes\Musical_Instrument\m627.obj,0
../shapes\Musical_Instrument\m628.obj,0
../shapes\Musical_Instrument\m629.obj,0
../shapes\Musical_Instrument\m630.obj,0
../shapes\Musical_Instrument\m631.obj,0
../shapes\Musical_Instrument\m632.obj,0
../shapes\Musical_Instrument\m633.obj,0
../shapes\Musical_Instrument\m634.obj,0
../shapes\Musical_Instrument\m635.obj,0
../shapes\Musical_Instrument\m637.obj,0
../shapes\Musical_Instrument\m638.obj,0
../shapes\Musical_Instrument\m639.obj,0
../shapes\Musical_Instrument\m640.obj,0
../shapes\Musical_Instrument\m641.obj,0
../shapes\Musical_Instrument\m643.obj,0
../shapes\Musical_Instrument\m644.obj,0
../shapes\Musical_Instrument\m645.obj,0
../shapes\Musical_Instrument\m646.obj,0
../shapes\Musical_Instrument\m647.obj,0
../shapes\NonWheelChair\D00037.obj,0
../shapes\NonWheelChair\D00101.obj,0
../shapes\NonWheelChair\D00170.obj,0
../shapes\NonWheelChair\D00185.obj,0
../shapes\NonWheelChair\D00240.obj,0
../shapes\NonWheelChair\D00306.obj,0
../shapes\NonWheelChair\D00357.obj,0
../shapes\NonWheelChair\D00419.obj,0
../shapes\NonWheelChair\D00443.obj,0
../shapes\NonWheelChair\D00445.obj,0
../shapes\NonWheelChair\D00480.obj,0
../shapes\NonWheelChair\D00481.obj,0
../shapes\NonWheelChair\D00512.obj,0
../shapes\NonWheelChair\D00694.obj,0
../shapes\NonWheelChair\D00707.obj,0
../shapes\NonWheelChair\D00741.obj,0
../shapes\NonWheelChair\D00853.obj,0
../shapes\NonWheelChair\D00914.obj,0
../shapes\NonWheelChair\D00928.obj,0
../shapes\NonWheelChair\D00936.obj,0
../shapes\NonWheelChair\m785.obj,0
../shapes\NonWheelChair\m786.obj,0
../shapes\NonWheelChair\m787.obj,0
../shapes\NonWheelChair\m788.obj,0
../shapes\NonWheelChair\m789.obj,0
../shapes\NonWheelChair\m790.obj,0
../shapes\NonWheelChair\m791.obj,0
../shapes\NonWheelChair\m793.obj,0
../shapes\NonWheelChair\m794.obj,0
../shapes\NonWheelChair\m795.obj,0
../shapes\NonWheelChair\m796.obj,0
../shapes\NonWheelChair\m797.obj,0
../shapes\NonWheelChair\m798.obj,0
../shapes\NonWheelChair\m799.obj,0
../shapes\NonWheelChair\m800.obj,0
../shapes\NonWheelChair\m801.obj,0
../shapes\NonWheelChair\m804.obj,0
../shapes\NonWheelChair\m805.obj,0
../shapes\NonWheelChair\m806.obj,0
../shapes\NonWheelChair\m807.obj,0
../shapes\NonWheelChair\m808.obj,0
../shapes\NonWheelChair\m809.obj,0
../shapes\NonWheelChair\m810.obj,0
../shapes\NonWheelChair\m811.obj,0
../shapes\NonWheelChair\m812.obj,0
../shapes\NonWheelChair\m813.obj,0
../shapes\NonWheelChair\m814.obj,0
../shapes\NonWheelChair\m815.obj,0
../shapes\NonWheelChair\m816.obj,0
../shapes\NonWheelChair\m817.obj,0
../shapes\NonWheelChair\m818.obj,0
../shapes\NonWheelChair\m819.obj,0
../shapes\NonWheelChair\m820.obj,0
../shapes\NonWheelChair\m821.obj,0
../shapes\NonWheelChair\m822.obj,0
../shapes\NonWheelChair\m823.obj,0
../shapes\NonWheelChair\m824.obj,0
../shapes\NonWheelChair\m826.obj,0
../shapes\NonWheelChair\m827.obj,0
../shapes\NonWheelChair\m828.obj,0
../shapes\PianoBoard\D00008.obj,-11
../shapes\PianoBoard\D00065.obj,0
../shapes\PianoBoard\D00075.obj,0
../shapes\PianoBoard\D00104.obj,0
../shapes\PianoBoard\D00122.obj,-11
../shapes\PianoBoard\D00181.obj,0
../shapes\PianoBoard\D00212.obj,124
../shapes\PianoBoard\D00235.obj,-11
../shapes\PianoBoard\D00253.obj,0
../shapes\PianoBoard\D00332.obj,0
../shapes\PianoBoard\D00381.obj,0
../shapes\PianoBoard\D00441.obj,0
../shapes\PianoBoard\D00460.obj,-11
../shapes\PianoBoard\D00623.obj,0
../shapes\PianoBoard\D00718.obj,0
../shapes\PianoBoard\D00721.obj,0
../shapes\PianoBoard\D00755.obj,0
../shapes\PianoBoard\D00885.obj,0
../shapes\PianoBoard\D00962.obj,0
../shapes\PianoBoard\D00966.obj,0
../shapes\PlantIndoors\D00049.obj,0
../shapes\PlantIndoors\D00073.obj,0
../shapes\PlantIndoors\D00080.obj,0
../shapes\PlantIndoors\D00087.obj,0
../shapes\PlantIndoors\D00128.obj,0
../shapes\PlantIndoors\D00159.obj,0
../shapes\PlantIndoors\D00238.obj,0
../shapes\PlantIndoors\D00280.obj,0
../shapes\PlantIndoors\D00370.obj,0
../shapes\PlantIndoors\D00379.obj,0
../shapes\PlantIndoors\D00466.obj,0
../shapes\PlantIndoors\D00491.obj,0
../shapes\PlantIndoors\D00595.obj,0
../shapes\PlantIndoors\D00609.obj,0
../shapes\PlantIndoors\D00622.obj,0
../shapes\PlantIndoors\D00624.obj,0
../shapes\PlantIndoors\D00657.obj,0
../shapes\PlantIndoors\D00667.obj,0
../shapes\PlantIndoors\D00800.obj,0
../shapes\PlantIndoors\D00968.obj,0
../shapes\PlantIndoors\m1000.obj,0
../shapes\PlantIndoors\m1001.obj,0
../shapes\PlantIndoors\m1002.obj,0
../shapes\PlantIndoors\m1003.obj,0
../shapes\PlantIndoors\m1004.obj,0
../shapes\PlantIndoors\m1005.obj,0
../shapes\PlantIndoors\m1006.obj,0
../shapes\PlantIndoors\m1007.obj,0
../shapes\PlantIndoors\m1008.obj,0
../shapes\PlantIndoors\m1009.obj,0
../shapes\PlantIndoors\m1010.obj,0
../shapes\PlantIndoors\m1011.obj,0
../shapes\PlantIndoors\m1012.obj,0
../shapes\PlantIndoors\m1013.obj,0
../shapes\PlantIndoors\m1014.obj,0
../shapes\PlantIndoors\m1015.obj,0
../shapes\PlantIndoors\m1016.obj,0
../shapes\PlantIndoors\m1017.obj,0
../shapes\PlantIndoors\m1018.obj,0
../shapes\PlantIndoors\m1020.obj,0
../shapes\PlantIndoors\m1021.obj,0
../shapes\PlantIndoors\m1022.obj,0
../shapes\PlantIndoors\m1023.obj,0
../shapes\PlantIndoors\m1025.obj,0
../shapes\PlantIndoors\m1026.obj,0
../shapes\PlantIndoors\m1027.obj,0
../shapes\PlantIndoors\m1029.obj,0
../shapes\PlantIndoors\m1030.obj,0
../shapes\PlantIndoors\m1031.obj,0
../shapes\PlantIndoors\m1032.obj,0
../shapes\PlantIndoors\m1033.obj,0
../shapes\PlantIndoors\m1034.obj,0
../shapes\PlantIndoors\m1035.obj,0
../shapes\PlantIndoors\m1036.obj,0
../shapes\PlantIndoors\m989.obj,0
../shapes\PlantIndoors\m990.obj,0
../shapes\PlantIndoors\m991.obj,0
../shapes\PlantIndoors\m992.obj,0
../shapes\PlantIndoors\m993.obj,0
../shapes\PlantIndoors\m994.obj,0
../shapes\PlantIndoors\m995.obj,0
../shapes\PlantIndoors\m996.obj,0
../shapes\PlantIndoors\m997.obj,0
../shapes\PlantIndoors\m998.obj,0
../shapes\PlantIndoors\m999.obj,0
../shapes\PlantWildNonTree\m1052.obj,0
../shapes\PlantWildNonTree\m961.obj,0
../shapes\PlantWildNonTree\m962.obj,0
../shapes\PlantWildNonTree\m963.obj,0
../shapes\PlantWildNonTree\m964.obj,0
../shapes\PlantWildNonTree\m965.obj,0
../shapes\PlantWildNonTree\m966.obj,0
../shapes\PlantWildNonTree\m967.obj,0
../shapes\PlantWildNonTree\m968.obj,0
../shapes\PlantWildNonTree\m971.obj,0
../shapes\PlantWildNonTree\m972.obj,0
../shapes\PlantWildNonTree\m973.obj,0
../shapes\PlantWildNonTree\m974.obj,0
../shapes\PlantWildNonTree\m975.obj,0
../shapes\PlantWildNonTree\m976.obj,0
../shapes\PlantWildNonTree\m977.obj,0
../shapes\PlantWildNonTree\m978.obj,0
../shapes\PlantWildNonTree\m979.obj,0
../shapes\PlantWildNonTree\m980.obj,0
../shapes\PlantWildNonTree\m981.obj,0
../shapes\PlantWildNonTree\m982.obj,0
../shapes\PlantWildNonTree\m983.obj,0
../shapes\PlantWildNonTree\m984.obj,0
../shapes\PlantWildNonTree\m985.obj,0
../shapes\PlantWildNonTree\m986.obj,0
../shapes\PlantWildNonTree\m987.obj,0
../shapes\PlantWildNonTree\m988.obj,0
../shapes\Quadruped\D00111.obj,0
../shapes\Quadruped\D00150.obj,0
../shapes\Quadruped\D00218.obj,0
../shapes\Quadruped\D00226.obj,0
../shapes\Quadruped\D00261.obj,0
../shapes\Quadruped\D00326.obj,0
../shapes\Quadruped\D00380.obj,0
../shapes\Quadruped\D00409.obj,0
../shapes\Quadruped\D00508.obj,0
../shapes\Quadruped\D00509.obj,0
../shapes\Quadruped\D00583.obj,0
../shapes\Quadruped\D00663.obj,0
../shapes\Quadruped\D00700.obj,0
../shapes\Quadruped\D00757.obj,0
../shapes\Quadruped\D00794.obj,0
../shapes\Quadruped\D00795.obj,0
../shapes\Quadruped\D00831.obj,0
../shapes\Quadruped\D00841.obj,0
../shapes\Quadruped\D00867.obj,0
../shapes\Quadruped\D00934.obj,0
../shapes\Quadruped\m100.obj,0
../shapes\Quadruped\m101.obj,0
../shapes\Quadruped\m102.obj,0
../shapes\Quadruped\m103.obj,0
../shapes\Quadruped\m104.obj,0
../shapes\Quadruped\m105.obj,0
../shapes\Quadruped\m106.obj,0
../shapes\Quadruped\m107.obj,0
../shapes\Quadruped\m108.obj,0
../shapes\Quadruped\m109.obj,0
../shapes\Quadruped\m110.obj,0
../shapes\Quadruped\m111.obj,0
../shapes\Quadruped\m112.obj,0
../shapes\Quadruped\m273.obj,0
../shapes\Quadruped\m274.obj,0
../shapes\Quadruped\m275.obj,0
../shapes\Quadruped\m276.obj,0
../shapes\Quadruped\m277.obj,0
../shapes\Quadruped\m278.obj,0
../shapes\Quadruped\m279.obj,0
../shapes\Quadruped\m280.obj,0
../shapes\Quadruped\m281.obj,0
../shapes\Quadruped\m282.obj,0
../shapes\Quadruped\m86.obj,0
../shapes\Quadruped\m87.obj,0
../shapes\Quadruped\m88.obj,0
../shapes\Quadruped\m89.obj,0
../shapes\Quadruped\m90.obj,0
../shapes\Quadruped\m91.obj,0
../shapes\Quadruped\m92.obj,0
../shapes\Quadruped\m93.obj,0
../shapes\Quadruped\m94.obj,124
../shapes\Quadruped\m95.obj,0
../shapes\Quadruped\m96.obj,0
../shapes\Quadruped\m97.obj,0
../shapes\Quadruped\m98.obj,0
../shapes\Quadruped\m99.obj,0
../shapes\RectangleTable\D00134.obj,0
../shapes\RectangleTable\D00187.obj,0
../shapes\RectangleTable\D00188.obj,0
../shapes\RectangleTable\D00230.obj,0
../shapes\RectangleTable\D00243.obj,0
../shapes\RectangleTable\D00295.obj,0
../shapes\RectangleTable\D00302.obj,0
../shapes\RectangleTable\D00317.obj,0
../shapes\RectangleTable\D00418.obj,0
../shapes\RectangleTable\D00421.obj,0
../shapes\RectangleTable\D00505.obj,0
../shapes\RectangleTable\D00523.obj,0
../shapes\RectangleTable\D00530.obj,0
../shapes\RectangleTable\D00571.obj,0
../shapes\RectangleTable\D00603.obj,0
../shapes\RectangleTable\D00678.obj,0
../shapes\RectangleTable\D00714.obj,0
../shapes\RectangleTable\D00766.obj,0
../shapes\RectangleTable\D00944.obj,0
../shapes\RectangleTable\D00954.obj,0
../shapes\RectangleTable\m763.obj,0
../shapes\RectangleTable\m764.obj,0
../shapes\RectangleTable\m765.obj,0
../shapes\RectangleTable\m870.obj,0
../shapes\RectangleTable\m871.obj,0
../shapes\RectangleTable\m872.obj,124
../shapes\RectangleTable\m873.obj,0
../shapes\RectangleTable\m874.obj,0
../shapes\RectangleTable\m875.obj,0
../shapes\RectangleTable\m876.obj,0
../shapes\RectangleTable\m877.obj,0
../shapes\RectangleTable\m878.obj,0
../shapes\RectangleTable\m879.obj,0
../shapes\RectangleTable\m881.obj,0
../shapes\RectangleTable\m882.obj,0
../shapes\RectangleTable\m883.obj,0
../shapes\RectangleTable\m886.obj,0
../shapes\RectangleTable\m887.obj,0
../shapes\RectangleTable\m888.obj,0
../shapes\RectangleTable\m889.obj,-11
../shapes\RectangleTable\m890.obj,0
../shapes\RectangleTable\m891.obj,0
../shapes\RectangleTable\m892.obj,0
../shapes\RectangleTable\m893.obj,0
../shapes\RectangleTable\m894.obj,0
../shapes\RectangleTable\m895.obj,0
../shapes\RectangleTable\m896.obj,0
../shapes\RectangleTable\m897.obj,0
../shapes\RectangleTable\m898.obj,0
../shapes\RectangleTable\m901.obj,0
../shapes\RectangleTable\m902.obj,0
../shapes\RectangleTable\m904.obj,0
../shapes\RectangleTable\m905.obj,0
../shapes\RectangleTable\m906.obj,0
../shapes\RectangleTable\m907.obj,0
../shapes\RectangleTable\m908.obj,0
../shapes\RectangleTable\m910.obj,0
../shapes\RectangleTable\m912.obj,0
../shapes\RectangleTable\m913.obj,0
../shapes\RectangleTable\m914.obj,0
../shapes\RectangleTable\m915.obj,0
../shapes\RectangleTable\m917.obj,0
../shapes\RectangleTable\m919.obj,0
../shapes\RectangleTable\m920.obj,0
../shapes\Rocket\D00015.obj,0
../shapes\Rocket\D00343.obj,0
../shapes\Rocket\D00346.obj,0
../shapes\Rocket\D00354.obj,0
../shapes\Rocket\D00426.obj,0
../shapes\Rocket\D00428.obj,0
../shapes\Rocket\D00433.obj,0
../shapes\Rocket\D00437.obj,0
../shapes\Rocket\D00472.obj,0
../shapes\Rocket\D00485.obj,0
../shapes\Rocket\D00528.obj,0
../shapes\Rocket\D00564.obj,0
../shapes\Rocket\D00585.obj,0
../shapes\Rocket\D00614.obj,0
../shapes\Rocket\D00697.obj,0
../shapes\Rocket\D00719.obj,0
../shapes\Rocket\D00764.obj,0
../shapes\Rocket\D00851.obj,0
../shapes\Rocket\D00942.obj,0
../shapes\Rocket\D00975.obj,0
../shapes\RoundTable\D00083.obj,0
../shapes\RoundTable\D00094.obj,0
../shapes\RoundTable\D00107.obj,0
../shapes\RoundTable\D00194.obj,0
../shapes\RoundTable\D00344.obj,0
../shapes\RoundTable\D00401.obj,0
../shapes\RoundTable\D00407.obj,0
../shapes\RoundTable\D00492.obj,0
../shapes\RoundTable\D00501.obj,0
../shapes\RoundTable\D00503.obj,0
../shapes\RoundTable\D00524.obj,0
../shapes\RoundTable\D00581.obj,0
../shapes\RoundTable\D00646.obj,0
../shapes\RoundTable\D00649.obj,0
../shapes\RoundTable\D00702.obj,0
../shapes\RoundTable\D00756.obj,0
../shapes\RoundTable\D00827.obj,0
../shapes\RoundTable\D00866.obj,0
../shapes\RoundTable\D00909.obj,0
../shapes\RoundTable\D00948.obj,0
../shapes\RoundTable\m921.obj,0
../shapes\RoundTable\m922.obj,0
../shapes\RoundTable\m923.obj,0
../shapes\RoundTable\m924.obj,0
../shapes\RoundTable\m925.obj,0
../shapes\RoundTable\m926.obj,0
../shapes\RoundTable\m927.obj,0
../shapes\RoundTable\m928.obj,0
../shapes\RoundTable\m929.obj,0
../shapes\RoundTable\m930.obj,0
../shapes\RoundTable\m931.obj,0
../shapes\RoundTable\m932.obj,0
../shapes\RoundTable\m933.obj,0
../shapes\RoundTable\m934.obj,0
../shapes\RoundTable\m935.obj,0
../shapes\RoundTable\m937.obj,0
../shapes\RoundTable\m938.obj,0
../shapes\Shelf\D00057.obj,0
../shapes\Shelf\D00074.obj,0
../shapes\Shelf\D00129.obj,0
../shapes\Shelf\D00171.obj,0
../shapes\Shelf\D00198.obj,0
../shapes\Shelf\D00242.obj,0
../shapes\Shelf\D00337.obj,0
../shapes\Shelf\D00352.obj,0
../shapes\Shelf\D00468.obj,0
../shapes\Shelf\D00592.obj,0
../shapes\Shelf\D00631.obj,0
../shapes\Shelf\D00691.obj,0
../shapes\Shelf\D00725.obj,0
../shapes\Shelf\D00772.obj,0
../shapes\Shelf\D00781.obj,0
../shapes\Shelf\D00818.obj,0
../shapes\Shelf\D00881.obj,0
../shapes\Shelf\D00887.obj,0
../shapes\Shelf\D00917.obj,0
../shapes\Shelf\D00956.obj,0
../shapes\Shelf\m844.obj,0
../shapes\Shelf\m845.obj,0
../shapes\Shelf\m846.obj,0
../shapes\Shelf\m847.obj,0
../shapes\Shelf\m849.obj,0
../shapes\Shelf\m850.obj,0
../shapes\Shelf\m851.obj,0
../shapes\Shelf\m852.obj,0
../shapes\Shelf\m853.obj,0
../shapes\Shelf\m854.obj,0
../shapes\Shelf\m855.obj,0
../shapes\Shelf\m856.obj,0
../shapes\Shelf\m857.obj,0
../shapes\Shelf\m858.obj,0
../shapes\Shelf\m859.obj,0
../shapes\Shelf\m860.obj,0
../shapes\Shelf\m861.obj,0
../shapes\Shelf\m862.obj,0
../shapes\Shelf\m863.obj,0
../shapes\Shelf\m864.obj,0
../shapes\Shelf\m865.obj,0
../shapes\Shelf\m866.obj,0
../shapes\Shelf\m868.obj,0
../shapes\Ship\D00027.obj,0
../shapes\Ship\D00042.obj,0
../shapes\Ship\D00099.obj,0
../shapes\Ship\D00175.obj,0
../shapes\Ship\D00247.obj,0
../shapes\Ship\D00258.obj,0
../shapes\Ship\D00292.obj,0
../shapes\Ship\D00429.obj,0
../shapes\Ship\D00467.obj,0
../shapes\Ship\D00539.obj,0
../shapes\Ship\D00543.obj,0
../shapes\Ship\D00647.obj,0
../shapes\Ship\D00771.obj,0
../shapes\Ship\D00791.obj,0
../shapes\Ship\D00809.obj,0
../shapes\Ship\D00837.obj,0
../shapes\Ship\D00896.obj,0
../shapes\Ship\D00907.obj,0
../shapes\Ship\D00935.obj,0
../shapes\Ship\D00949.obj,0
../shapes\Ship\m1427.obj,0
../shapes\Ship\m1428.obj,0
../shapes\Ship\m1429.obj,0
../shapes\Ship\m1430.obj,0
../shapes\Ship\m1431.obj,0
../shapes\Ship\m1432.obj,0
../shapes\Ship\m1433.obj,0
../shapes\Ship\m1434.obj,0
../shapes\Ship\m1435.obj,0
../shapes\Ship\m1436.obj,0
../shapes\Ship\m1437.obj,0
../shapes\Ship\m1438.obj,0
../shapes\Ship\m1439.obj,0
../shapes\Ship\m1440.obj,0
../shapes\Ship\m1441.obj,0
../shapes\Ship\m1442.obj,0
../shapes\Ship\m1444.obj,0
../shapes\Ship\m1446.obj,0
../shapes\Ship\m1447.obj,0
../shapes\Ship\m1448.obj,0
../shapes\Ship\m1449.obj,0
../shapes\Ship\m1450.obj,0
../shapes\Ship\m1451.obj,0
../shapes\Ship\m1452.obj,0
../shapes\Ship\m1453.obj,0
../shapes\Ship\m1454.obj,0
../shapes\Ship\m1455.obj,0
../shapes\Ship\m1456.obj,0
../shapes\Ship\m1457.obj,-11
../shapes\Ship\m1458.obj,-11
../shapes\Ship\m1459.obj,0
../shapes\Ship\m1460.obj,0
../shapes\Ship\m1461.obj,0
../shapes\Ship\m1462.obj,0
../shapes\Ship\m1463.obj,0
../shapes\Ship\m1464.obj,0
../shapes\Ship\m1465.obj,0
../shapes\Ship\m1466.obj,0
../shapes\Ship\m1467.obj,0
../shapes\Ship\m1468.obj,0
../shapes\Ship\m1469.obj,0
../shapes\Ship\m1470.obj,0
../shapes\Ship\m1471.obj,0
../shapes\Sign\m1670.obj,0
../shapes\Sign\m1671.obj,0
../shapes\Sign\m1672.obj,0
../shapes\Sign\m1673.obj,0
../shapes\Sign\m1674.obj,0
../shapes\Sign\m1675.obj,0
../shapes\Sign\m1676.obj,0
../shapes\Sign\m1678.obj,-11
../shapes\Sign\m1679.obj,0
../shapes\Sign\m1680.obj,0
../shapes\Sign\m1681.obj,0
../shapes\Sign\m1682.obj,0
../shapes\Sign\m1683.obj,0
../shapes\Sign\m1684.obj,0
../shapes\Sign\m1685.obj,0
../shapes\Skyscraper\D00006.obj,0
../shapes\Skyscraper\D00058.obj,0
../shapes\Skyscraper\D00059.obj,0
../shapes\Skyscraper\D00105.obj,0
../shapes\Skyscraper\D00125.obj,0
../shapes\Skyscraper\D00126.obj,0
../shapes\Skyscraper\D00130.obj,0
../shapes\Skyscraper\D00259.obj,0
../shapes\Skyscraper\D00300.obj,0
../shapes\Skyscraper\D00520.obj,0
../shapes\Skyscraper\D00532.obj,0
../shapes\Skyscraper\D00584.obj,0
../shapes\Skyscraper\D00589.obj,0
../shapes\Skyscraper\D00641.obj,0
../shapes\Skyscraper\D00664.obj,0
../shapes\Skyscraper\D00729.obj,0
../shapes\Skyscraper\D00822.obj,0
../shapes\Skyscraper\D00870.obj,0
../shapes\Skyscraper\D00872.obj,0
../shapes\Skyscraper\D00998.obj,0
../shapes\Spoon\D00014.obj,0
../shapes\Spoon\D00085.obj,0
../shapes\Spoon\D00144.obj,0
../shapes\Spoon\D00157.obj,0
../shapes\Spoon\D00196.obj,0
../shapes\Spoon\D00338.obj,0
../shapes\Spoon\D00422.obj,0
../shapes\Spoon\D00474.obj,0
../shapes\Spoon\D00497.obj,0
../shapes\Spoon\D00517.obj,0
../shapes\Spoon\D00562.obj,0
../shapes\Spoon\D00593.obj,0
../shapes\Spoon\D00661.obj,0
../shapes\Spoon\D00669.obj,0
../shapes\Spoon\D00674.obj,0
../shapes\Spoon\D00683.obj,0
../shapes\Spoon\D00790.obj,0
../shapes\Spoon\D00842.obj,0
../shapes\Spoon\D00927.obj,0
../shapes\Spoon\D00964.obj,0
../shapes\Starship\m1353.obj,0
../shapes\Starship\m1354.obj,0
../shapes\Starship\m1355.obj,0
../shapes\Starship\m1356.obj,0
../shapes\Starship\m1357.obj,0
../shapes\Starship\m1358.obj,0
../shapes\Starship\m1359.obj,0
../shapes\Starship\m1360.obj,0
../shapes\Starship\m1361.obj,0
../shapes\Starship\m1362.obj,0
../shapes\Starship\m1364.obj,0
../shapes\Starship\m1365.obj,0
../shapes\Starship\m1366.obj,0
../shapes\Starship\m1368.obj,0
../shapes\Starship\m1369.obj,0
../shapes\Starship\m1370.obj,0
../shapes\Starship\m1371.obj,0
../shapes\Starship\m1372.obj,0
../shapes\Starship\m1373.obj,0
../shapes\Starship\m1374.obj,0
../shapes\Starship\m1375.obj,0
../shapes\Starship\m1376.obj,0
../shapes\Starship\m1378.obj,0
../shapes\Starship\m1379.obj,0
../shapes\Starship\m1380.obj,0
../shapes\Starship\m1381.obj,0
../shapes\Starship\m1382.obj,0
../shapes\Starship\m1383.obj,0
../shapes\Starship\m1384.obj,-11
../shapes\Starship\m1385.obj,0
../shapes\Starship\m1386.obj,0
../shapes\SubmachineGun\D00052.obj,-11
../shapes\SubmachineGun\D00060.obj,0
../shapes\SubmachineGun\D00062.obj,0
../shapes\SubmachineGun\D00064.obj,0
../shapes\SubmachineGun\D00068.obj,0
../shapes\SubmachineGun\D00119.obj,0
../shapes\SubmachineGun\D00219.obj,0
../shapes\SubmachineGun\D00256.obj,0
../shapes\SubmachineGun\D00371.obj,0
../shapes\SubmachineGun\D00384.obj,0
../shapes\SubmachineGun\D00431.obj,0
../shapes\SubmachineGun\D00459.obj,0
../shapes\SubmachineGun\D00489.obj,0
../shapes\SubmachineGun\D00537.obj,0
../shapes\SubmachineGun\D00613.obj,0
../shapes\SubmachineGun\D00733.obj,0
../shapes\SubmachineGun\D00878.obj,0
../shapes\SubmachineGun\D00893.obj,0
../shapes\SubmachineGun\D00960.obj,0
../shapes\SubmachineGun\D00970.obj,0
../shapes\Sword\D00066.obj,0
../shapes\Sword\D00071.obj,0
../shapes\Sword\D00133.obj,0
../shapes\Sword\D00149.obj,0
../shapes\Sword\D00162.obj,0
../shapes\Sword\D00177.obj,0
../shapes\Sword\D00195.obj,0
../shapes\Sword\D00249.obj,0
../shapes\Sword\D00356.obj,0
../shapes\Sword\D00484.obj,0
../shapes\Sword\D00513.obj,0
../shapes\Sword\D00540.obj,0
../shapes\Sword\D00635.obj,0
../shapes\Sword\D00712.obj,0
../shapes\Sword\D00807.obj,0
../shapes\Sword\D00808.obj,-11
../shapes\Sword\D00812.obj,0
../shapes\Sword\D00906.obj,0
../shapes\Sword\D00916.obj,0
../shapes\Sword\D00992.obj,0
../shapes\Sword\m687.obj,0
../shapes\Sword\m688.obj,0
../shapes\Sword\m689.obj,0
../shapes\Sword\m690.obj,0
../shapes\Sword\m691.obj,0
../shapes\Sword\m692.obj,0
../shapes\Sword\m693.obj,0
../shapes\Sword\m694.obj,0
../shapes\Sword\m695.obj,0
../shapes\Sword\m696.obj,0
../shapes\Sword\m697.obj,0
../shapes\Sword\m698.obj,0
../shapes\Sword\m699.obj,0
../shapes\Sword\m700.obj,0
../shapes\Sword\m701.obj,0
../shapes\Sword\m702.obj,0
../shapes\Sword\m703.obj,0
../shapes\Sword\m704.obj,0
../shapes\Sword\m705.obj,0
../shapes\Sword\m707.obj,0
../shapes\Sword\m709.obj,0
../shapes\Sword\m710.obj,0
../shapes\Sword\m711.obj,0
../shapes\Sword\m712.obj,0
../shapes\Sword\m713.obj,0
../shapes\Sword\m714.obj,0
../shapes\Sword\m715.obj,0
../shapes\Sword\m716.obj,0
../shapes\Sword\m717.obj,0
../shapes\Sword\m718.obj,0
../shapes\Sword\m719.obj,0
../shapes\Sword\m720.obj,0
../shapes\Sword\m721.obj,0
../shapes\Tool\D01003.obj,0
../shapes\Tool\D01012.obj,0
../shapes\Tool\D01040.obj,0
../shapes\Tool\D01044.obj,0
../shapes\Tool\D01069.obj,0
../shapes\Tool\D01084.obj,0
../shapes\Tool\D01086.obj,0
../shapes\Tool\D01111.obj,0
../shapes\Tool\D01113.obj,0
../shapes\Tool\D01127.obj,0
../shapes\Tool\D01131.obj,0
../shapes\Tool\D01140.obj,0
../shapes\Tool\D01142.obj,0
../shapes\Tool\D01148.obj,0
../shapes\Tool\D01152.obj,0
../shapes\Tool\D01154.obj,0
../shapes\Tool\D01156.obj,0
../shapes\Tool\D01159.obj,0
../shapes\Tool\D01165.obj,0
../shapes\Tool\D01176.obj,0
../shapes\Tool\m1099.obj,0
../shapes\Tool\m1100.obj,0
../shapes\Tool\m1101.obj,0
../shapes\Tool\m1102.obj,0
../shapes\Tool\m1103.obj,0
../shapes\Tool\m1104.obj,0
../shapes\Tool\m1105.obj,0
../shapes\Tool\m1106.obj,0
../shapes\Tool\m1107.obj,0
../shapes\Tool\m1108.obj,0
../shapes\Tool\m1109.obj,0
../shapes\Tool\m1110.obj,0
../shapes\Tool\m1111.obj,0
../shapes\Tool\m1112.obj,0
../shapes\Tool\m1113.obj,0
../shapes\Tool\m1114.obj,0
../shapes\Tool\m1115.obj,0
../shapes\Tool\m1116.obj,0
../shapes\Tool\m1117.obj,0
../shapes\Tool\m587.obj,-11
../shapes\Tool\m588.obj,-11
../shapes\Tool\m589.obj,0
../shapes\Tool\m590.obj,0
../shapes\Tool\m591.obj,0
../shapes\Train\D01008.obj,0
../shapes\Train\D01014.obj,0
../shapes\Train\D01016.obj,0
../shapes\Train\D01027.obj,-11
../shapes\Train\D01031.obj,0
../shapes\Train\D01035.obj,0
../shapes\Train\D01047.obj,0
../shapes\Train\D01055.obj,0
../shapes\Train\D01059.obj,0
../shapes\Train\D01061.obj,0
../shapes\Train\D01064.obj,0
../shapes\Train\D01089.obj,0
../shapes\Train\D01094.obj,0
../shapes\Train\D01095.obj,0
../shapes\Train\D01134.obj,0
../shapes\Train\D01137.obj,0
../shapes\Train\D01147.obj,-11
../shapes\Train\D01149.obj,0
../shapes\Train\D01163.obj,0
../shapes\Train\D01180.obj,0
../shapes\Train\m1578.obj,0
../shapes\Train\m1580.obj,0
../shapes\Train\m1581.obj,0
../shapes\Train\m1582.obj,0
../shapes\Train\m1583.obj,0
../shapes\Train\m1584.obj,0
../shapes\Train\m1585.obj,0
../shapes\Train\m1586.obj,0
../shapes\Train\m1587.obj,0
../shapes\Train\m1588.obj,0
../shapes\Tree\D00096.obj,0
../shapes\Tree\D00200.obj,0
../shapes\Tree\D00221.obj,0
../shapes\Tree\D00223.obj,0
../shapes\Tree\D00367.obj,0
../shapes\Tree\D00385.obj,0
../shapes\Tree\D00393.obj,0
../shapes\Tree\D00439.obj,0
../shapes\Tree\D00456.obj,0
../shapes\Tree\D00479.obj,0
../shapes\Tree\D00533.obj,0
../shapes\Tree\D00573.obj,0
../shapes\Tree\D00612.obj,0
../shapes\Tree\D00727.obj,0
../shapes\Tree\D00765.obj,0
../shapes\Tree\D00777.obj,0
../shapes\Tree\D00810.obj,0
../shapes\Tree\D00834.obj,0
../shapes\Tree\D00911.obj,0
../shapes\Tree\D00996.obj,0
../shapes\Tree\m1050.obj,0
../shapes\Tree\m1062.obj,0
../shapes\Tree\m1063.obj,0
../shapes\Tree\m1064.obj,0
../shapes\Tree\m1065.obj,0
../shapes\Tree\m1066.obj,0
../shapes\Tree\m1067.obj,0
../shapes\Tree\m1068.obj,0
../shapes\Tree\m1069.obj,0
../shapes\Tree\m1070.obj,0
../shapes\Tree\m1071.obj,0
../shapes\Tree\m1072.obj,0
../shapes\Tree\m1075.obj,0
../shapes\Tree\m1077.obj,0
../shapes\Tree\m1078.obj,0
../shapes\Tree\m1079.obj,0
../shapes\Tree\m1082.obj,0
../shapes\Tree\m1086.obj,0
../shapes\Tree\m1089.obj,0
../shapes\Tree\m1090.obj,0
../shapes\Tree\m1091.obj,0
../shapes\Tree\m1092.obj,0
../shapes\Tree\m1093.obj,0
../shapes\Tree\m1095.obj,0
../shapes\Tree\m1096.obj,0
../shapes\Tree\m1097.obj,0
../shapes\Tree\m1098.obj,0
../shapes\Truck\D00002.obj,0
../shapes\Truck\D00003.obj,0
../shapes\Truck\D00010.obj,0
../shapes\Truck\D00029.obj,0
../shapes\Truck\D00047.obj,0
../shapes\Truck\D00056.obj,124
../shapes\Truck\D00112.obj,0
../shapes\Truck\D00158.obj,0
../shapes\Truck\D00241.obj,0
../shapes\Truck\D00287.obj,0
../shapes\Truck\D00303.obj,0
../shapes\Truck\D00331.obj,0
../shapes\Truck\D00406.obj,0
../shapes\Truck\D00424.obj,0
../shapes\Truck\D00518.obj,0
../shapes\Truck\D00804.obj,0
../shapes\Truck\D00835.obj,0
../shapes\Truck\D00926.obj,0
../shapes\Truck\D00947.obj,0
../shapes\Truck\D00987.obj,0
../shapes\Truck\m1570.obj,0
../shapes\Truck\m1571.obj,0
../shapes\Truck\m1572.obj,0
../shapes\Truck\m1573.obj,0
../shapes\Truck\m1574.obj,0
../shapes\Truck\m1575.obj,0
../shapes\Truck\m1576.obj,-11
../shapes\TruckNonContainer\D00055.obj,0
../shapes\TruckNonContainer\D00143.obj,0
../shapes\TruckNonContainer\D00148.obj,-11
../shapes\TruckNonContainer\D00215.obj,124
../shapes\TruckNonContainer\D00252.obj,0
../shapes\TruckNonContainer\D00266.obj,0
../shapes\TruckNonContainer\D00267.obj,0
../shapes\TruckNonContainer\D00275.obj,0
../shapes\TruckNonContainer\D00283.obj,0
../shapes\TruckNonContainer\D00353.obj,0
../shapes\TruckNonContainer\D00553.obj,0
../shapes\TruckNonContainer\D00572.obj,0
../shapes\TruckNonContainer\D00608.obj,0
../shapes\TruckNonContainer\D00619.obj,0
../shapes\TruckNonContainer\D00699.obj,0
../shapes\TruckNonContainer\D00731.obj,0
../shapes\TruckNonContainer\D00737.obj,124
../shapes\TruckNonContainer\D00783.obj,0
../shapes\TruckNonContainer\D00879.obj,-11
../shapes\TruckNonContainer\D00943.obj,0
../shapes\Vase\m527.obj,0
../shapes\Vase\m528.obj,0
../shapes\Vase\m529.obj,-11
../shapes\Vase\m531.obj,0
../shapes\Vase\m532.obj,0
../shapes\Vase\m533.obj,0
../shapes\Vase\m534.obj,0
../shapes\Vase\m535.obj,0
../shapes\Vase\m536.obj,0
../shapes\Vase\m537.obj,0
../shapes\Vase\m538.obj,0
../shapes\Vase\m539.obj,0
../shapes\Vase\m540.obj,0
../shapes\Vase\m541.obj,0
../shapes\Vase\m542.obj,0
../shapes\Vase\m543.obj,0
../shapes\Vase\m544.obj,0
../shapes\Vase\m545.obj,0
../shapes\Vase\m546.obj,0
../shapes\Vase\m547.obj,0
../shapes\Violin\D00108.obj,0
../shapes\Violin\D00216.obj,0
../shapes\Violin\D00250.obj,0
../shapes\Violin\D00324.obj,0
../shapes\Violin\D00340.obj,0
../shapes\Violin\D00349.obj,0
../shapes\Violin\D00358.obj,0
../shapes\Violin\D00376.obj,0
../shapes\Violin\D00506.obj,0
../shapes\Violin\D00570.obj,0
../shapes\Violin\D00598.obj,0
../shapes\Violin\D00602.obj,0
../shapes\Violin\D00620.obj,0
../shapes\Violin\D00675.obj,-11
../shapes\Violin\D00701.obj,0
../shapes\Violin\D00704.obj,0
../shapes\Violin\D00743.obj,0
../shapes\Violin\D00891.obj,0
../shapes\Violin\D00898.obj,0
../shapes\Violin\D00993.obj,0
../shapes\Wheel\m733.obj,0
../shapes\Wheel\m734.obj,0
../shapes\Wheel\m735.obj,0
../shapes\Wheel\m736.obj,0
../shapes\Wheel\m737.obj,-11
../shapes\Wheel\m738.obj,0
../shapes\Wheel\m739.obj,0
../shapes\Wheel\m740.obj,0
../shapes\Wheel\m741.obj,0
../shapes\Wheel\m742.obj,0
../shapes\Wheel\m743.obj,0
../shapes\Wheel\m744.obj,0
../shapes\Wheel\m745.obj,0
../shapes\Wheel\m746.obj,0
../shapes\Wheel\m747.obj,0
../shapes\Wheel\m748.obj,0
../shapes\Wheel\m749.obj,0
../shapes\WheelChair\D00004.obj,0
../shapes\WheelChair\D00070.obj,0
../shapes\WheelChair\D00088.obj,0
../shapes\WheelChair\D00183.obj,0
../shapes\WheelChair\D00203.obj,0
../shapes\WheelChair\D00274.obj,0
../shapes\WheelChair\D00290.obj,0
../shapes\WheelChair\D00365.obj,0
../shapes\WheelChair\D00394.obj,0
../shapes\WheelChair\D00449.obj,0
../shapes\WheelChair\D00453.obj,0
../shapes\WheelChair\D00499.obj,0
../shapes\WheelChair\D00526.obj,0
../shapes\WheelChair\D00604.obj,0
../shapes\WheelChair\D00628.obj,0
../shapes\WheelChair\D00687.obj,0
../shapes\WheelChair\D00720.obj,0
../shapes\WheelChair\D00782.obj,0
../shapes\WheelChair\D00821.obj,0
../shapes\WheelChair\D00846.obj,0
